flight,sector,eto_hour,eto_minute,eto_second
1,uh,05,35,00,
2,uaus,05,44,00,
2,uh,06,10,00,
3,pv,06,08,00,
4,uttup,06,18,00,
5,ugw,06,27,00,
5,uttup,06,46,00,
6,uh,07,12,00,
6,ufxf,07,22,00,
7,tpth,07,13,00,
8,ugw,07,13,00,
8,pv,07,22,00,
9,uh,07,14,00,
9,ufxf,07,26,00,
10,uh,07,36,00,
10,ufxf,07,46,00,
11,ugw,07,39,00,
11,pv,07,42,00,
12,uh,07,43,00,
12,ufxf,07,53,00,
13,uttup,07,43,00,
13,uttu,07,43,00,
14,uaus,07,48,00,
15,ugw,07,50,00,
15,uttup,08,09,00,
15,uttu,08,09,00,
16,ugw,07,56,00,
16,uttup,08,18,00,
17,ufxf,08,08,00,
18,uttup,08,12,00,
18,uttu,08,12,00,
19,ugw,08,16,00,
19,pv,08,25,00,
20,ufxf,08,17,00,
21,uh,08,20,00,
21,ufxf,08,24,00,
22,uh,08,29,00,
22,ufxf,08,40,00,
23,ugw,08,48,00,
23,uttup,09,07,00,
23,uttu,09,07,00,
24,ufxf,08,49,00,
25,ugw,08,51,00,
25,pv,09,09,00,
26,uh,08,57,00,
26,ufxf,09,07,00,
27,uh,08,59,00,
27,ufxf,09,11,00,
28,ua,08,59,00,
28,uaus,08,59,00,
29,uh,09,13,00,
29,ufxf,09,25,00,
30,uh,09,35,00,
30,ufxf,09,44,00,
31,ufxf,09,48,00,
32,pv,09,49,00,
33,uttu,10,43,00,
34,uh,10,50,00,
35,uh,11,17,00,
36,ua,11,39,00,
37,ua,13,00,00,
38,ugw,13,02,00,
39,ugw,13,22,00,
39,ua,13,27,00,
40,ugw,14,03,00,
41,uh,14,08,00,
42,ugw,14,38,00,
43,ugw,15,00,00,
44,uh,15,23,00,
45,ugw,15,58,00,
46,uaus,17,38,00,
47,pv,18,01,00,
47,ubdxv,18,01,00,
47,ubdx,18,12,00,
48,scmd,18,12,00,
48,uaus,18,39,00,
49,pv,18,17,00,
49,ubdxv,18,17,00,
49,ubdx,18,28,00,
50,tn,18,25,00,
51,uh,18,27,00,
51,artc,18,53,00,
51,aorc,18,53,00,
52,scmd,18,39,00,
52,uaus,19,04,00,
52,smds,19,04,00,
52,ugwa,19,17,00,
53,uaus,18,59,00,
53,scmd,19,20,00,
53,smds,19,20,00,
54,uh,19,11,00,
55,ubdx,19,13,00,
55,ubdxv,19,13,00,
55,ugw,19,39,00,
55,ugwa,19,39,00,
55,uttup,19,59,00,
56,ubdx,19,15,00,
56,ubdxv,19,15,00,
56,pv,19,54,00,
56,aorc,20,06,00,
57,ubdx,19,19,00,
57,ubdxv,19,19,00,
57,ugw,19,46,00,
57,ugwa,19,46,00,
58,ubdx,19,19,00,
58,ubdxv,19,19,00,
58,ugw,19,43,00,
58,ugwa,19,43,00,
59,ubdx,19,28,00,
59,ubdxv,19,28,00,
59,ugw,19,56,00,
59,ugwa,19,56,00,
60,ubdx,19,39,00,
60,ubdxv,19,39,00,
61,ugw,20,31,00,
61,ugwa,20,31,00,
61,ubdx,20,55,00,
61,ubdxv,20,55,00,
62,ugw,20,50,00,
62,ugwa,20,50,00,
62,ubdxv,21,15,00,
63,ugw,21,11,00,
63,ugwa,21,11,00,
63,ubdxv,21,35,00,
64,ubdxv,21,16,00,
64,ugw,21,43,00,
64,ugwa,21,43,00,
65,scmd,22,04,00,
65,smds,22,04,00,
66,uaus,22,14,00,
66,smds,22,14,00,
66,scmd,22,32,00,
67,ugwa,22,34,00,
68,ugw,05,00,00,
69,uh,05,00,00,
69,uaus,05,22,00,
70,tpth,05,01,00,
71,uttup,05,03,00,
72,uttup,05,03,00,
73,uttup,05,04,00,
74,uttup,05,04,00,
75,pv,05,04,00,
76,uttup,05,05,00,
77,ufxf,05,05,00,
78,ugw,05,05,00,
78,uaus,05,18,00,
79,uaus,05,05,00,
80,tpth,05,06,00,
81,uh,05,06,00,
81,uaus,05,29,00,
82,ufxf,05,06,00,
83,uh,05,06,00,
83,ufxf,05,10,00,
84,uaus,05,06,00,
85,uaus,05,06,00,
86,uaus,05,07,00,
87,uaus,05,09,00,
88,ufxf,05,09,00,
88,uttup,05,13,00,
88,ugw,05,29,00,
88,uaus,05,45,00,
89,ufxf,05,10,00,
90,ugw,05,11,00,
91,ufxf,05,11,00,
91,uttup,05,31,00,
91,ugw,05,45,00,
92,ugw,05,12,00,
92,uttup,05,22,00,
93,pv,05,12,00,
93,ugw,05,21,00,
94,uaus,05,12,00,
95,uaus,05,13,00,
96,uaus,05,13,00,
97,tpth,05,13,00,
98,pv,05,14,00,
98,ugw,05,22,00,
98,uaus,05,43,00,
99,ugw,05,14,00,
99,uttup,05,38,00,
100,pv,05,14,00,
101,uttup,05,16,00,
102,pv,05,16,00,
103,pv,05,16,00,
104,ufxf,05,16,00,
105,uaus,05,17,00,
106,uh,05,17,00,
106,ufxf,05,28,00,
107,uttup,05,17,00,
108,uttup,05,18,00,
108,ugw,05,33,00,
109,uttup,05,18,00,
109,ugw,05,31,00,
110,ugw,05,18,00,
110,uttup,05,23,00,
111,ufxf,05,18,00,
112,uaus,05,21,00,
112,ugw,05,33,00,
112,uttup,05,43,00,
113,ufxf,05,21,00,
114,pv,05,22,00,
115,ugw,05,22,00,
116,ugw,05,22,00,
117,uaus,05,23,00,
118,ugw,05,23,00,
119,uh,05,24,00,
119,ufxf,05,30,00,
120,uttup,05,26,00,
120,ugw,05,42,00,
121,tpth,05,26,00,
122,uttup,05,26,00,
123,ufxf,05,27,00,
124,ufxf,05,27,00,
124,uh,05,41,00,
125,pv,05,28,00,
126,tpth,05,28,00,
127,ugw,05,29,00,
127,uttup,05,53,00,
128,ugw,05,29,00,
128,uttup,05,53,00,
129,uaus,05,29,00,
129,ugw,05,42,00,
129,uttup,05,55,00,
130,pv,05,29,00,
131,pv,05,30,00,
132,pv,05,31,00,
133,uttup,05,31,00,
133,ugw,05,46,00,
134,uttup,05,33,00,
135,uaus,05,33,00,
136,ufxf,05,33,00,
136,uttup,05,46,00,
137,tpth,05,35,00,
138,ufxf,05,35,00,
138,uh,05,47,00,
139,uttup,05,35,00,
140,pv,05,36,00,
141,pv,05,36,00,
142,pv,05,37,00,
142,ugw,05,56,00,
143,tpth,05,37,00,
144,tpth,05,38,00,
145,uh,05,38,00,
146,uttup,05,39,00,
147,tpth,05,39,00,
148,pv,05,39,00,
148,ugw,05,48,00,
148,uaus,06,11,00,
149,ufxf,05,41,00,
150,tpth,05,41,00,
151,uaus,05,41,00,
151,ugw,06,07,00,
151,uttup,06,19,00,
152,uh,05,41,00,
153,pv,05,42,00,
153,ugw,05,54,00,
153,uaus,06,15,00,
154,pv,05,42,00,
154,ugw,05,51,00,
155,uh,05,42,00,
155,ugw,06,06,00,
156,pv,05,43,00,
156,ugw,05,49,00,
157,ugw,05,44,00,
157,uttup,06,03,00,
158,tpth,05,45,00,
159,uttup,05,45,00,
160,uh,05,45,00,
161,ufxf,05,45,00,
161,uh,05,57,00,
162,pv,05,45,00,
163,uh,05,46,00,
163,uaus,06,22,00,
164,ugw,05,46,00,
165,uaus,05,47,00,
166,uh,05,47,00,
167,uaus,05,48,00,
168,uaus,05,48,00,
168,ugw,05,59,00,
168,uttup,06,09,00,
169,ugw,05,49,00,
170,uttup,05,49,00,
171,uttup,05,49,00,
172,ufxf,05,49,00,
172,uh,06,02,00,
173,ufxf,05,49,00,
174,uttup,05,49,00,
175,uaus,05,51,00,
176,uh,05,51,00,
177,uttup,05,51,00,
178,uaus,05,54,00,
179,uh,05,55,00,
179,uaus,06,17,00,
180,uh,05,55,00,
180,uaus,06,17,00,
181,pv,05,55,00,
182,uh,05,55,00,
182,ufxf,06,03,00,
183,tpth,05,55,00,
184,tpth,05,56,00,
185,uaus,05,57,00,
185,ugw,06,23,00,
185,uttup,06,35,00,
186,pv,05,57,00,
187,uaus,05,58,00,
188,uaus,05,58,00,
188,ugw,06,09,00,
189,ugw,05,58,00,
189,uaus,06,11,00,
190,uaus,05,59,00,
191,ufxf,05,59,00,
191,uh,06,11,00,
192,uttup,05,59,00,
193,tpth,05,59,00,
194,uh,05,59,00,
195,uh,05,59,00,
195,ufxf,06,06,00,
196,ufxf,05,59,00,
196,uh,06,06,00,
197,ugw,06,01,00,
197,uttup,06,19,00,
198,uttup,06,02,00,
199,uh,06,02,00,
199,ufxf,06,14,00,
200,ugw,06,03,00,
201,uh,06,04,00,
202,uaus,06,04,00,
203,pv,06,05,00,
203,ugw,06,14,00,
204,tpth,06,05,00,
205,ugw,06,05,00,
206,uh,06,05,00,
207,uaus,06,06,00,
207,uh,06,36,00,
208,uh,06,06,00,
208,ufxf,06,18,00,
209,uttup,06,06,00,
210,uttup,06,06,00,
211,pv,06,07,00,
212,ufxf,06,08,00,
212,uttup,06,23,00,
213,ugw,06,08,00,
214,uaus,06,09,00,
214,ugw,06,22,00,
214,uttup,06,32,00,
215,tpth,06,10,00,
216,uh,06,10,00,
217,pv,06,12,00,
217,ugw,06,22,00,
217,uaus,06,42,00,
218,uttup,06,12,00,
219,uttup,06,14,00,
220,tpth,06,14,00,
221,uaus,06,15,00,
221,ugw,06,28,00,
221,uttup,06,41,00,
222,uttup,06,15,00,
223,uh,06,15,00,
223,ufxf,06,21,00,
224,tpth,06,15,00,
225,ugw,06,16,00,
225,uttup,06,37,00,
226,uttup,06,16,00,
227,uh,06,16,00,
227,ufxf,06,30,00,
228,tpth,06,16,00,
228,pv,06,40,00,
228,uttup,06,49,00,
228,ugw,06,57,00,
228,ua,07,18,00,
228,uaus,07,18,00,
229,uaus,06,17,00,
229,ugw,06,43,00,
229,uttup,06,55,00,
230,uttup,06,17,00,
231,pv,06,17,00,
231,ugw,06,24,00,
231,uaus,06,54,00,
232,ugw,06,17,00,
233,pv,06,17,00,
234,ugw,06,18,00,
235,pv,06,19,00,
236,uaus,06,19,00,
236,ugw,06,31,00,
236,uttup,06,43,00,
237,ugw,06,19,00,
237,uttup,06,22,00,
238,uh,06,20,00,
238,uaus,06,42,00,
239,uttup,06,21,00,
240,uh,06,21,00,
240,ufxf,06,29,00,
241,ufxf,06,22,00,
241,uh,06,35,00,
242,ugw,06,22,00,
242,uttup,06,41,00,
242,ufxf,06,51,00,
243,pv,06,23,00,
243,ugw,06,38,00,
244,uh,06,24,00,
245,uh,06,25,00,
245,uaus,06,47,00,
246,ufxf,06,25,00,
246,uttup,06,40,00,
246,pv,06,43,00,
247,uttup,06,25,00,
248,uaus,06,26,00,
249,uttup,06,27,00,
250,tpth,06,27,00,
251,ufxf,06,28,00,
252,uaus,06,28,00,
253,ufxf,06,29,00,
254,pv,06,29,00,
254,ugw,06,44,00,
255,ufxf,06,30,00,
255,uh,06,42,00,
256,pv,06,30,00,
257,tpth,06,30,00,
258,uh,06,31,00,
259,uh,06,31,00,
260,pv,06,31,00,
261,ugw,06,31,00,
262,uh,06,32,00,
262,ufxf,06,41,00,
263,ugw,06,32,00,
263,uaus,06,49,00,
264,uttup,06,32,00,
265,uaus,06,33,00,
266,uttup,06,34,00,
267,uaus,06,34,00,
268,ugw,06,34,00,
268,uttup,06,57,00,
269,pv,06,34,00,
270,pv,06,34,00,
270,ugw,06,43,00,
271,tpth,06,34,00,
272,uh,06,35,00,
272,ufxf,06,43,00,
273,pv,06,35,00,
274,uttup,06,35,00,
275,uttup,06,35,00,
276,ugw,06,35,00,
277,uaus,06,36,00,
278,uaus,06,36,00,
279,uttup,06,36,00,
280,uttup,06,36,00,
281,pv,06,37,00,
282,ugw,06,38,00,
283,ugw,06,38,00,
284,pv,06,38,00,
285,tpth,06,38,00,
286,ufxf,06,38,00,
286,uh,06,44,00,
287,uttup,06,39,00,
288,uttup,06,39,00,
289,pv,06,39,00,
289,ugw,06,53,00,
290,uttup,06,39,00,
291,uaus,06,44,00,
292,uttup,06,44,00,
292,ugw,07,00,00,
292,ua,07,16,00,
292,uaus,07,16,00,
293,uttup,06,44,00,
294,uh,06,45,00,
294,ufxf,06,53,00,
295,uttup,06,45,00,
296,ufxf,06,46,00,
297,tpth,06,47,00,
298,tpth,06,47,00,
299,uh,06,47,00,
300,tpth,06,48,00,
301,uttup,06,48,00,
301,ugw,07,03,00,
302,uaus,06,50,00,
302,ua,07,05,00,
302,ugw,07,14,00,
302,uttup,07,25,00,
302,uttu,07,25,00,
303,uh,06,50,00,
303,ufxf,07,00,00,
304,uaus,06,51,00,
305,ugw,06,51,00,
305,uttup,07,03,00,
305,pv,07,14,00,
305,tpth,07,46,00,
306,uttup,06,51,00,
307,ufxf,06,51,00,
308,uaus,06,51,00,
308,uh,07,21,00,
309,uaus,06,52,00,
310,ufxf,06,52,00,
310,uh,06,57,00,
311,uttup,06,53,00,
312,pv,06,53,00,
313,ugw,06,53,00,
313,uttup,06,58,00,
314,uttup,06,54,00,
315,uaus,06,54,00,
316,uh,06,54,00,
316,ufxf,07,01,00,
317,ugw,06,54,00,
318,uttup,06,54,00,
318,ufxf,07,16,00,
319,uttup,06,54,00,
320,tpth,06,54,00,
321,ufxf,06,54,00,
321,uh,06,59,00,
322,tpth,06,54,00,
323,uh,06,55,00,
323,ua,07,17,00,
323,uaus,07,17,00,
324,tpth,06,56,00,
325,uh,06,56,00,
325,uaus,07,32,00,
326,ugw,06,57,00,
326,uttup,07,18,00,
327,ugw,06,58,00,
328,tpth,06,58,00,
329,tpth,06,59,00,
330,tpth,06,59,00,
331,tpth,06,59,00,
332,ugw,06,59,00,
333,uh,06,59,00,
333,ufxf,07,05,00,
334,ufxf,06,59,00,
334,uh,07,10,00,
335,uh,07,00,00,
335,ufxf,07,11,00,
336,ufxf,07,00,00,
336,uh,07,11,00,
337,ua,07,01,00,
337,uaus,07,01,00,
338,ugw,07,01,00,
339,ugw,07,01,00,
339,uttup,07,22,00,
339,uttu,07,22,00,
340,pv,07,01,00,
341,ua,07,01,00,
341,uaus,07,01,00,
342,ua,07,01,00,
342,uaus,07,01,00,
343,uttup,07,01,00,
343,uttu,07,01,00,
344,uttup,07,01,00,
344,uttu,07,15,00,
345,uh,07,02,00,
345,ufxf,07,14,00,
346,ugw,07,02,00,
346,pv,07,30,00,
347,pv,07,02,00,
347,ugw,07,14,00,
348,ua,07,02,00,
348,uaus,07,02,00,
349,tpth,07,02,00,
350,uttup,07,03,00,
350,uttu,07,03,00,
351,uttup,07,03,00,
351,ugw,07,21,00,
351,ua,07,39,00,
351,uaus,07,39,00,
352,ugw,07,04,00,
353,uttup,07,04,00,
353,uttu,07,19,00,
354,pv,07,04,00,
354,ugw,07,21,00,
355,ugw,07,05,00,
356,pv,07,05,00,
357,uaus,07,06,00,
358,ua,07,06,00,
358,uaus,07,06,00,
359,pv,07,06,00,
360,ufxf,07,06,00,
361,pv,07,06,00,
362,ufxf,07,06,00,
363,uttup,07,06,00,
363,uttu,07,14,00,
364,pv,07,07,00,
364,ugw,07,17,00,
364,ua,07,42,00,
364,uaus,07,42,00,
365,tpth,07,07,00,
366,tpth,07,09,00,
367,ugw,07,09,00,
368,ua,07,09,00,
368,uaus,07,09,00,
368,ugw,07,30,00,
368,uttup,08,02,00,
368,uttu,08,02,00,
368,ufxf,08,04,00,
368,uh,08,09,00,
369,ufxf,07,11,00,
369,uh,07,27,00,
370,ugw,07,12,00,
371,tpth,07,12,00,
372,ua,07,13,00,
372,uaus,07,13,00,
372,ugw,07,24,00,
372,uttup,07,34,00,
372,uttu,07,34,00,
373,uttup,07,13,00,
373,ugw,07,30,00,
374,uttup,07,13,00,
374,ugw,07,26,00,
375,pv,07,13,00,
376,pv,07,13,00,
377,tpth,07,13,00,
378,ugw,07,14,00,
379,ugw,07,14,00,
380,pv,07,14,00,
380,ugw,07,22,00,
380,ua,07,43,00,
380,uaus,07,43,00,
381,uh,07,15,00,
381,ufxf,07,27,00,
382,ugw,07,15,00,
383,uttup,07,15,00,
383,uttu,07,15,00,
383,ufxf,07,23,00,
384,uttup,07,16,00,
384,uttu,07,28,00,
385,ua,07,16,00,
385,uaus,07,16,00,
386,uh,07,16,00,
387,ufxf,07,17,00,
387,uh,07,31,00,
388,uh,07,17,00,
389,pv,07,17,00,
389,ugw,07,33,00,
390,ugw,07,18,00,
391,tpth,07,18,00,
392,uttup,07,19,00,
392,uttu,07,34,00,
393,uttup,07,19,00,
393,uttu,07,19,00,
394,uttup,07,19,00,
394,uttu,07,19,00,
395,ua,07,20,00,
395,uaus,07,20,00,
395,uh,07,51,00,
396,uh,07,21,00,
397,ua,07,21,00,
397,uaus,07,21,00,
397,ugw,07,33,00,
397,uttup,07,43,00,
397,uttu,07,43,00,
398,tpth,07,21,00,
399,ugw,07,22,00,
400,uaus,07,22,00,
400,uh,08,02,00,
401,tpth,07,23,00,
402,uttup,07,23,00,
402,uttu,07,37,00,
403,tpth,07,23,00,
404,ugw,07,23,00,
405,tpth,07,25,00,
406,tpth,07,25,00,
407,tpth,07,26,00,
408,uttup,07,26,00,
408,uttu,07,41,00,
409,ua,07,26,00,
409,uaus,07,26,00,
410,tpth,07,26,00,
411,pv,07,27,00,
411,ugw,07,36,00,
412,ugw,07,27,00,
412,uttup,07,48,00,
413,pv,07,28,00,
414,ugw,07,29,00,
414,uttup,07,51,00,
414,uttu,07,51,00,
415,tpth,07,29,00,
416,pv,07,29,00,
417,ufxf,07,29,00,
417,uh,07,34,00,
418,ufxf,07,30,00,
419,uh,07,30,00,
419,ugw,08,03,00,
420,uaus,07,30,00,
421,ua,07,31,00,
421,uaus,07,31,00,
422,pv,07,32,00,
423,uh,07,32,00,
424,uttup,07,32,00,
424,uttu,07,46,00,
425,uh,07,32,00,
426,tpth,07,33,00,
427,ufxf,07,33,00,
427,uh,07,38,00,
428,ufxf,07,34,00,
428,uh,07,47,00,
429,uttup,07,35,00,
429,uttu,07,35,00,
430,ufxf,07,35,00,
431,ua,07,36,00,
431,uaus,07,36,00,
432,ufxf,07,36,00,
433,pv,07,36,00,
434,uh,07,36,00,
435,tpth,07,37,00,
436,tpth,07,37,00,
437,uaus,07,38,00,
438,pv,07,38,00,
439,pv,07,39,00,
439,ugw,07,48,00,
439,ua,08,11,00,
439,uaus,08,11,00,
440,uttup,07,39,00,
440,uttu,07,51,00,
441,ugw,07,39,00,
441,ua,07,52,00,
441,uaus,07,52,00,
442,ugw,07,40,00,
443,ufxf,07,40,00,
444,ufxf,07,40,00,
444,uh,07,53,00,
445,ufxf,07,40,00,
446,tpth,07,40,00,
447,pv,07,40,00,
447,ugw,07,56,00,
448,uh,07,40,00,
449,ugw,07,41,00,
449,ua,07,50,00,
449,uaus,07,50,00,
450,ufxf,07,41,00,
450,uttup,07,47,00,
450,uttu,07,47,00,
450,ugw,08,00,00,
451,pv,07,41,00,
451,ugw,07,50,00,
452,ugw,07,41,00,
452,uttup,08,01,00,
452,uttu,08,01,00,
453,ufxf,07,41,00,
453,uh,07,46,00,
454,ufxf,07,42,00,
455,pv,07,42,00,
455,ugw,07,58,00,
455,ua,08,20,00,
455,uaus,08,20,00,
456,uttup,07,42,00,
456,uttu,07,57,00,
457,ua,07,43,00,
457,uaus,07,43,00,
458,uaus,07,43,00,
458,ua,07,58,00,
458,ugw,08,07,00,
458,uttup,08,17,00,
458,uttu,08,17,00,
459,uh,07,43,00,
459,ufxf,07,51,00,
460,uttup,07,44,00,
460,uttu,08,00,00,
461,tpth,07,44,00,
462,ugw,07,44,00,
462,uttup,08,09,00,
462,uttu,08,13,00,
463,tpth,07,44,00,
464,ua,07,45,00,
464,uaus,07,45,00,
465,ua,07,45,00,
465,uaus,07,45,00,
466,tpth,07,45,00,
467,tpth,07,46,00,
468,pv,07,47,00,
469,ua,07,47,00,
469,uaus,07,47,00,
470,uaus,07,47,00,
471,tpth,07,48,00,
472,ufxf,07,50,00,
472,uh,07,57,00,
473,ua,07,51,00,
473,uaus,07,51,00,
473,uh,08,21,00,
474,pv,07,52,00,
475,uh,07,52,00,
476,tpth,07,52,00,
477,pv,07,53,00,
478,ua,07,54,00,
478,uaus,07,54,00,
478,ugw,08,07,00,
478,uttup,08,17,00,
478,uttu,08,17,00,
479,uttup,07,54,00,
479,uttu,08,08,00,
480,ugw,07,54,00,
480,uttup,08,14,00,
480,uttu,08,14,00,
481,uttup,07,55,00,
481,uttu,07,55,00,
482,pv,07,55,00,
483,ua,07,56,00,
483,uaus,07,56,00,
484,ugw,07,56,00,
485,ufxf,07,57,00,
485,uh,08,13,00,
486,uttup,07,57,00,
486,uttu,07,57,00,
487,tpth,07,57,00,
488,uaus,07,57,00,
489,ufxf,07,58,00,
490,ufxf,07,58,00,
490,uh,08,03,00,
491,uttup,07,59,00,
491,uttu,08,15,00,
492,ua,07,59,00,
492,uaus,07,59,00,
492,ugw,08,12,00,
492,uttup,08,25,00,
492,uttu,08,25,00,
493,ua,08,00,00,
493,uaus,08,00,00,
494,pv,08,00,00,
494,ugw,08,09,00,
494,ua,08,30,00,
494,uaus,08,30,00,
495,ugw,08,01,00,
495,uttup,08,22,00,
495,uttu,08,22,00,
496,pv,08,01,00,
497,uttup,08,02,00,
497,uttu,08,13,00,
498,ufxf,08,02,00,
498,uh,08,15,00,
499,uh,08,04,00,
500,ufxf,08,05,00,
500,uh,08,18,00,
501,ufxf,08,05,00,
501,uh,08,17,00,
502,pv,08,05,00,
503,ufxf,08,05,00,
503,uh,08,10,00,
504,uh,08,05,00,
505,pv,08,09,00,
505,ugw,08,18,00,
505,ua,08,40,00,
505,uaus,08,40,00,
506,ugw,08,09,00,
506,uttup,08,33,00,
506,uttu,08,33,00,
507,uttup,08,10,00,
507,uttu,08,24,00,
508,ua,08,11,00,
508,uaus,08,11,00,
509,uh,08,11,00,
509,ugw,08,34,00,
510,pv,08,11,00,
510,ugw,08,27,00,
510,ua,08,50,00,
510,uaus,08,50,00,
511,ua,08,11,00,
511,uaus,08,11,00,
512,uttup,08,12,00,
512,uttu,08,12,00,
513,ugw,08,12,00,
513,ua,08,36,00,
513,uaus,08,36,00,
514,uh,08,14,00,
514,ufxf,08,30,00,
515,uh,08,14,00,
515,ugw,08,37,00,
516,pv,08,14,00,
516,ugw,08,22,00,
516,ua,08,43,00,
516,uaus,08,43,00,
517,uh,08,14,00,
517,ufxf,08,30,00,
518,uh,08,15,00,
518,ua,08,37,00,
518,uaus,08,37,00,
519,uttup,08,16,00,
519,uttu,08,31,00,
520,pv,08,16,00,
521,ua,08,17,00,
521,uaus,08,17,00,
521,uh,08,43,00,
522,uh,08,18,00,
523,uttup,08,19,00,
523,uttu,08,19,00,
524,ugw,08,19,00,
525,ua,08,19,00,
525,uaus,08,19,00,
525,ugw,08,31,00,
525,uttup,08,43,00,
525,uttu,08,43,00,
526,uh,08,20,00,
526,ufxf,08,28,00,
527,pv,08,21,00,
528,uttup,08,22,00,
528,ugw,08,38,00,
529,ua,08,22,00,
529,uaus,08,22,00,
529,ugw,08,32,00,
530,pv,08,22,00,
530,ugw,08,39,00,
531,pv,08,22,00,
531,ugw,08,36,00,
531,ua,08,58,00,
531,uaus,08,58,00,
532,ua,08,23,00,
532,uaus,08,23,00,
533,ua,08,24,00,
533,uaus,08,24,00,
533,uh,08,55,00,
534,ua,08,24,00,
534,uaus,08,24,00,
534,uh,08,52,00,
535,uttup,08,25,00,
535,uttu,08,25,00,
536,ufxf,08,25,00,
536,uh,08,37,00,
537,uttup,08,26,00,
537,uttu,08,42,00,
538,pv,08,27,00,
538,ugw,08,39,00,
538,ua,09,00,00,
539,pv,08,27,00,
539,ugw,08,43,00,
540,ugw,08,27,00,
541,ugw,08,28,00,
541,ua,08,35,00,
541,uaus,08,35,00,
542,ugw,08,30,00,
543,ua,08,31,00,
543,uaus,08,31,00,
544,uh,08,31,00,
544,ufxf,08,43,00,
545,ufxf,08,31,00,
545,uh,08,41,00,
546,uttup,08,32,00,
546,uttu,08,43,00,
547,pv,08,32,00,
548,ua,08,34,00,
548,uaus,08,34,00,
549,ua,08,34,00,
549,uaus,08,34,00,
550,ugw,08,35,00,
550,uttup,08,56,00,
550,uttu,08,56,00,
551,uh,08,35,00,
552,ufxf,08,36,00,
553,uttup,08,36,00,
553,uttu,08,36,00,
554,pv,08,36,00,
554,ugw,08,50,00,
554,ua,09,12,00,
555,uttup,08,37,00,
555,uttu,08,48,00,
556,uh,08,37,00,
556,ufxf,08,44,00,
557,ugw,08,38,00,
558,uh,08,38,00,
559,ugw,08,39,00,
559,ua,08,42,00,
559,uaus,08,42,00,
560,pv,08,40,00,
560,ugw,08,49,00,
561,ufxf,08,40,00,
561,uh,08,52,00,
562,uttup,08,40,00,
562,uttu,08,49,00,
563,ufxf,08,41,00,
563,uh,08,51,00,
564,pv,08,42,00,
565,uttup,08,42,00,
565,uttu,08,42,00,
566,ua,08,43,00,
566,uaus,08,43,00,
567,ufxf,08,43,00,
567,uh,08,48,00,
568,ugw,08,44,00,
568,uttup,09,04,00,
568,uttu,09,04,00,
569,ua,08,44,00,
569,uaus,08,44,00,
570,ua,08,44,00,
570,uaus,08,44,00,
571,ufxf,08,44,00,
571,uh,08,51,00,
572,uh,08,45,00,
572,ufxf,08,56,00,
573,uttup,08,45,00,
573,uttu,09,03,00,
574,ugw,08,46,00,
575,ufxf,08,46,00,
576,uh,08,46,00,
576,ufxf,08,52,00,
577,pv,08,47,00,
577,ugw,08,59,00,
577,ua,09,20,00,
578,ufxf,08,47,00,
578,uh,08,54,00,
579,ua,08,48,00,
579,uaus,08,48,00,
580,ugw,08,48,00,
580,uttup,09,10,00,
580,uttu,09,10,00,
581,uttup,08,49,00,
581,uttu,08,49,00,
582,uh,08,50,00,
583,ua,08,51,00,
583,uaus,08,51,00,
583,ugw,09,01,00,
583,uttup,09,13,00,
583,uttu,09,13,00,
584,ugw,08,51,00,
585,uttup,08,51,00,
585,uttu,09,08,00,
586,ufxf,08,51,00,
587,ufxf,08,52,00,
588,ufxf,08,53,00,
589,uttup,08,53,00,
589,uttu,09,07,00,
590,ua,08,54,00,
590,uaus,08,54,00,
591,ufxf,08,55,00,
591,uh,09,07,00,
592,ugw,08,55,00,
593,ugw,08,55,00,
594,uttup,08,56,00,
594,uttu,08,56,00,
595,ufxf,08,56,00,
595,uh,09,02,00,
596,uh,08,56,00,
597,pv,08,57,00,
597,ugw,09,13,00,
598,pv,08,57,00,
599,ugw,08,58,00,
599,uttup,09,25,00,
599,uttu,09,25,00,
600,ua,08,58,00,
600,uaus,08,58,00,
601,pv,08,59,00,
601,ugw,09,13,00,
602,uh,08,59,00,
602,ufxf,09,05,00,
603,ufxf,09,00,00,
604,ufxf,09,00,00,
604,uh,09,06,00,
605,pv,09,01,00,
605,ugw,09,16,00,
605,ua,09,37,00,
606,uh,09,01,00,
607,ugw,09,02,00,
608,uttup,09,05,00,
608,uttu,09,05,00,
609,ufxf,09,06,00,
609,uh,09,15,00,
610,ua,09,07,00,
611,ugw,09,07,00,
611,uttup,09,28,00,
611,uttu,09,28,00,
612,ua,09,07,00,
613,pv,09,07,00,
613,ugw,09,22,00,
614,ugw,09,08,00,
614,uttup,09,31,00,
614,uttu,09,31,00,
615,ugw,09,09,00,
616,ufxf,09,10,00,
616,uh,09,22,00,
617,pv,09,11,00,
617,ugw,09,25,00,
617,ua,09,47,00,
618,ugw,09,11,00,
618,uttup,09,32,00,
618,uttu,09,32,00,
619,ua,09,12,00,
619,ugw,09,21,00,
620,pv,09,12,00,
620,ugw,09,22,00,
620,ua,09,42,00,
621,ua,09,13,00,
622,ufxf,09,13,00,
622,uh,09,24,00,
623,uttup,09,14,00,
623,uttu,09,14,00,
624,ufxf,09,15,00,
624,uh,09,27,00,
625,uttup,09,15,00,
625,uttu,09,15,00,
626,ufxf,09,15,00,
626,uh,09,27,00,
627,ua,09,16,00,
628,ugw,09,16,00,
629,ufxf,09,19,00,
629,uh,09,32,00,
630,uh,09,19,00,
631,ugw,09,19,00,
631,uttup,09,42,00,
631,uttu,09,42,00,
632,ugw,09,20,00,
632,ua,09,38,00,
633,uh,09,21,00,
633,ufxf,09,29,00,
634,ua,09,21,00,
634,ugw,09,33,00,
634,uttup,09,43,00,
634,uttu,09,43,00,
635,uh,09,22,00,
636,ugw,09,23,00,
636,uttup,09,28,00,
636,uttu,09,28,00,
637,pv,09,23,00,
638,ufxf,09,23,00,
638,uttup,09,38,00,
638,uttu,09,38,00,
639,pv,09,24,00,
639,ugw,09,40,00,
639,ua,10,02,00,
640,ugw,09,24,00,
641,uttup,09,24,00,
641,uttu,09,24,00,
642,ua,09,25,00,
643,pv,09,25,00,
644,ufxf,09,26,00,
645,ufxf,09,26,00,
645,uh,09,38,00,
646,uttup,09,26,00,
646,uttu,09,26,00,
647,ufxf,09,28,00,
647,uh,09,33,00,
648,uttup,09,28,00,
648,uttu,09,28,00,
649,ugw,09,29,00,
650,ugw,09,29,00,
651,ua,09,29,00,
652,ufxf,09,30,00,
653,uh,09,30,00,
654,ua,09,30,00,
655,pv,09,31,00,
656,pv,09,31,00,
657,pv,09,32,00,
657,ugw,09,41,00,
658,ugw,09,32,00,
658,uttup,09,53,00,
658,uttu,09,53,00,
659,pv,09,32,00,
660,uttup,09,34,00,
660,uttu,09,34,00,
661,ugw,09,34,00,
661,uttup,09,53,00,
661,uttu,09,53,00,
662,pv,09,36,00,
663,uh,09,36,00,
663,ufxf,09,44,00,
664,pv,09,36,00,
665,uttup,09,37,00,
665,uttu,09,37,00,
666,ua,09,37,00,
667,ua,09,37,00,
667,ugw,09,40,00,
668,uttup,09,38,00,
668,uttu,09,38,00,
669,ugw,09,38,00,
669,uttu,10,03,00,
670,ufxf,09,38,00,
670,uh,09,43,00,
671,pv,09,40,00,
671,ugw,09,56,00,
671,ua,10,18,00,
672,ugw,09,40,00,
673,uttup,09,42,00,
673,uttu,09,42,00,
674,ufxf,09,42,00,
674,uh,09,47,00,
675,uttup,09,43,00,
675,uttu,09,43,00,
676,pv,09,43,00,
677,pv,09,44,00,
677,ugw,10,04,00,
678,pv,09,45,00,
678,ugw,09,54,00,
679,ua,09,46,00,
680,pv,09,46,00,
680,ugw,10,02,00,
681,pv,09,46,00,
681,ugw,10,00,00,
682,ua,09,47,00,
682,uh,10,14,00,
683,uh,09,47,00,
683,ufxf,09,59,00,
684,ua,09,47,00,
684,uh,10,13,00,
685,ugw,09,47,00,
685,uttu,10,11,00,
686,ugw,09,47,00,
686,uttu,10,09,00,
687,ufxf,09,48,00,
687,uh,10,03,00,
688,uttup,09,48,00,
688,uttu,09,48,00,
689,uh,09,49,00,
690,uttup,09,49,00,
690,uttu,09,49,00,
691,ufxf,09,50,00,
691,uh,10,01,00,
692,uttup,09,50,00,
692,uttu,09,50,00,
693,uttup,09,51,00,
693,uttu,09,51,00,
694,pv,09,52,00,
694,ugw,10,09,00,
694,ua,10,31,00,
695,uh,09,52,00,
696,uttup,09,53,00,
696,uttu,09,53,00,
697,ugw,09,53,00,
698,ua,09,53,00,
698,uh,10,23,00,
699,ufxf,09,53,00,
699,uh,10,08,00,
700,ugw,09,53,00,
701,uttup,09,55,00,
701,uttu,09,55,00,
702,pv,09,56,00,
703,ua,09,58,00,
703,ugw,10,09,00,
703,uttu,10,20,00,
704,ugw,09,58,00,
705,uh,09,58,00,
705,ua,10,21,00,
706,uh,09,59,00,
706,ufxf,10,06,00,
707,uh,09,59,00,
707,ua,10,22,00,
708,uh,09,59,00,
708,ufxf,10,06,00,
709,ufxf,10,00,00,
709,uh,10,12,00,
710,ugw,10,00,00,
710,uh,10,30,00,
711,ugw,10,00,00,
711,uh,10,30,00,
712,uttu,10,01,00,
713,uh,10,01,00,
713,ua,10,24,00,
714,uh,10,01,00,
714,ufxf,10,13,00,
715,ua,10,02,00,
716,ua,10,04,00,
717,ua,10,05,00,
717,uh,10,32,00,
718,ufxf,10,06,00,
719,ua,10,07,00,
720,ugw,10,07,00,
720,uttu,10,29,00,
721,uh,10,08,00,
721,ufxf,10,18,00,
722,ugw,10,09,00,
723,ufxf,10,10,00,
723,uh,10,22,00,
724,ua,10,10,00,
724,uh,10,36,00,
725,uttu,10,12,00,
726,ugw,10,12,00,
726,uttu,10,36,00,
727,uttu,10,12,00,
728,ua,10,13,00,
729,ugw,10,15,00,
729,ua,10,19,00,
730,ufxf,10,16,00,
731,ufxf,10,16,00,
731,uh,10,29,00,
732,uttu,10,17,00,
733,ugw,10,18,00,
734,ua,10,18,00,
734,ugw,10,29,00,
734,uttu,10,40,00,
735,ugw,10,18,00,
735,uttu,10,39,00,
736,ugw,10,18,00,
737,ugw,10,18,00,
737,uttu,10,41,00,
738,ugw,10,19,00,
738,uttu,10,43,00,
739,ua,10,19,00,
739,ugw,10,31,00,
739,uttu,10,43,00,
740,uttu,10,19,00,
741,uttu,10,20,00,
742,ua,10,21,00,
743,ua,10,21,00,
744,ugw,10,22,00,
745,ua,10,22,00,
746,ugw,10,22,00,
746,ua,10,42,00,
747,ugw,10,23,00,
747,ua,10,43,00,
748,ugw,10,24,00,
748,uttu,10,45,00,
749,uttu,10,24,00,
750,uh,10,24,00,
751,ugw,10,24,00,
752,ua,10,25,00,
753,uh,10,25,00,
754,uttu,10,27,00,
755,uttu,10,27,00,
756,ugw,10,27,00,
757,ugw,10,28,00,
758,ugw,10,28,00,
759,ua,10,29,00,
759,ugw,10,42,00,
759,uttu,10,55,00,
760,uh,10,30,00,
761,uttu,10,30,00,
762,uh,10,32,00,
763,uh,10,32,00,
764,uh,10,33,00,
765,uh,10,35,00,
766,uttu,10,35,00,
766,ugw,10,45,00,
767,uttu,10,35,00,
768,ua,10,35,00,
768,ugw,10,44,00,
769,ua,10,36,00,
769,ugw,10,46,00,
769,uttu,10,58,00,
770,ugw,10,37,00,
770,uttu,10,58,00,
771,ua,10,37,00,
771,ugw,10,49,00,
772,ugw,10,38,00,
773,ua,10,39,00,
773,uh,11,07,00,
774,ua,10,39,00,
774,uh,11,10,00,
775,uh,10,39,00,
776,ugw,10,39,00,
776,ua,11,05,00,
777,ua,10,40,00,
778,ugw,10,43,00,
779,ugw,10,43,00,
779,ua,11,04,00,
780,uttu,10,43,00,
781,ugw,10,43,00,
781,ua,11,06,00,
782,ugw,10,43,00,
783,ua,10,43,00,
783,ugw,10,53,00,
784,ugw,10,44,00,
784,ua,11,05,00,
785,ua,10,44,00,
785,ugw,10,54,00,
786,uh,10,45,00,
787,ua,10,46,00,
787,uh,11,16,00,
788,uttu,10,47,00,
789,ugw,10,48,00,
790,ugw,10,49,00,
791,uttu,10,50,00,
792,uttu,10,51,00,
793,ugw,10,51,00,
793,ua,11,15,00,
794,ugw,10,51,00,
795,ua,10,52,00,
796,ua,10,52,00,
797,uttu,10,53,00,
798,ugw,10,53,00,
798,ua,11,00,00,
799,uh,10,53,00,
800,ua,10,54,00,
801,uh,10,55,00,
802,uh,10,55,00,
803,ua,10,56,00,
804,ua,10,56,00,
805,ugw,10,56,00,
806,uh,10,57,00,
807,ua,10,58,00,
808,uttu,10,59,00,
809,uh,10,59,00,
810,ua,10,59,00,
810,uh,11,27,00,
811,ua,10,59,00,
812,ugw,10,59,00,
813,uh,10,59,00,
814,ua,11,01,00,
815,uh,11,02,00,
816,ua,11,02,00,
817,ua,11,03,00,
818,ua,11,04,00,
819,ua,11,06,00,
820,uh,11,11,00,
821,uh,11,12,00,
822,ua,11,12,00,
823,ua,11,13,00,
824,ua,11,17,00,
825,ua,11,17,00,
826,ua,11,20,00,
827,ua,11,21,00,
828,ua,11,22,00,
829,ua,11,23,00,
830,ua,11,24,00,
831,uh,11,25,00,
832,uh,11,25,00,
833,ua,11,26,00,
834,uh,11,27,00,
835,ua,11,28,00,
836,ua,11,28,00,
837,ua,11,30,00,
838,uh,11,31,00,
839,ua,11,33,00,
840,uh,11,33,00,
841,ua,11,34,00,
841,uh,12,05,00,
842,uh,11,34,00,
843,uh,11,35,00,
844,uh,11,35,00,
845,uh,11,36,00,
846,ua,11,38,00,
847,ua,11,38,00,
848,ua,11,39,00,
849,ua,11,39,00,
849,uh,12,07,00,
850,uh,11,39,00,
851,uh,11,42,00,
852,ua,11,42,00,
853,ua,11,43,00,
854,ua,11,43,00,
855,ua,11,44,00,
856,ua,11,46,00,
857,ua,11,46,00,
858,ua,11,46,00,
859,ua,11,49,00,
860,uh,11,49,00,
861,uh,11,50,00,
862,ua,11,50,00,
863,uh,11,51,00,
864,ua,11,52,00,
865,ua,11,52,00,
866,ua,11,53,00,
867,uh,11,53,00,
868,ua,11,53,00,
869,uh,11,58,00,
870,uh,11,58,00,
871,uh,12,01,00,
872,uh,12,02,00,
873,ua,12,02,00,
874,ua,12,04,00,
875,ua,12,06,00,
876,uh,12,06,00,
877,ua,12,09,00,
878,uh,12,11,00,
879,uh,12,11,00,
880,uh,12,12,00,
881,uh,12,13,00,
882,uh,12,14,00,
883,uh,12,14,00,
884,ua,12,15,00,
885,uh,12,16,00,
886,uh,12,18,00,
887,ua,12,19,00,
888,ua,12,25,00,
889,ua,12,26,00,
890,ua,12,27,00,
891,uh,12,28,00,
892,ua,12,28,00,
893,uh,12,29,00,
894,uh,12,30,00,
895,ua,12,30,00,
896,uh,12,31,00,
897,uh,12,32,00,
898,ua,12,35,00,
899,ua,12,37,00,
899,ugw,13,01,00,
900,ua,12,37,00,
901,ua,12,40,00,
902,uh,12,40,00,
903,ua,12,40,00,
904,ua,12,42,00,
905,uh,12,42,00,
906,ua,12,42,00,
907,ua,12,42,00,
908,ua,12,44,00,
909,uh,12,46,00,
910,uh,12,49,00,
911,ua,12,51,00,
911,ugw,13,00,00,
912,ua,12,54,00,
913,ua,12,56,00,
914,uh,12,57,00,
915,ua,12,59,00,
915,ugw,13,12,00,
916,ugw,13,01,00,
917,ua,13,02,00,
918,ua,13,02,00,
918,ugw,13,22,00,
919,ugw,13,02,00,
919,ua,13,23,00,
920,ugw,13,03,00,
921,ugw,13,04,00,
921,ua,13,26,00,
922,ugw,13,04,00,
923,uh,13,04,00,
924,ua,13,05,00,
924,uh,13,35,00,
925,ugw,13,06,00,
926,ua,13,07,00,
927,ugw,13,08,00,
928,ugw,13,09,00,
929,ua,13,09,00,
930,ua,13,11,00,
931,ugw,13,12,00,
932,ua,13,16,00,
932,uh,13,46,00,
933,ugw,13,16,00,
934,ugw,13,17,00,
934,ua,13,38,00,
935,ugw,13,17,00,
936,ugw,13,19,00,
937,ua,13,20,00,
938,uh,13,20,00,
939,uh,13,20,00,
940,ua,13,21,00,
940,ugw,13,33,00,
941,ua,13,21,00,
942,uh,13,22,00,
943,ugw,13,22,00,
943,ua,13,43,00,
944,ugw,13,23,00,
945,uh,13,26,00,
945,ua,13,49,00,
946,ua,13,26,00,
947,ua,13,28,00,
948,uh,13,29,00,
949,ugw,13,30,00,
949,ua,13,52,00,
950,ugw,13,30,00,
951,ua,13,30,00,
952,uh,13,30,00,
952,ua,13,52,00,
953,uh,13,31,00,
954,ugw,13,31,00,
955,uh,13,31,00,
956,ugw,13,33,00,
957,uh,13,34,00,
958,ua,13,35,00,
959,ua,13,37,00,
959,ugw,13,41,00,
960,ugw,13,38,00,
961,ugw,13,39,00,
962,uh,13,41,00,
962,ua,14,04,00,
963,uh,13,43,00,
964,ugw,13,44,00,
965,uh,13,45,00,
965,ua,14,07,00,
966,ua,13,48,00,
967,uh,13,49,00,
967,ua,14,10,00,
968,ua,13,49,00,
968,ugw,13,59,00,
969,ugw,13,51,00,
970,uh,13,52,00,
971,uh,13,52,00,
972,ugw,13,52,00,
973,ua,13,53,00,
974,ugw,13,53,00,
975,ugw,13,55,00,
976,ugw,13,56,00,
976,ua,14,18,00,
977,uh,13,56,00,
978,ua,13,57,00,
978,ugw,14,07,00,
979,ugw,13,57,00,
980,ugw,13,58,00,
981,uh,14,01,00,
982,ugw,14,03,00,
983,ugw,14,04,00,
984,uh,14,04,00,
985,uh,14,05,00,
986,ua,14,06,00,
986,uh,14,36,00,
987,uh,14,06,00,
988,ugw,14,06,00,
989,uh,14,06,00,
990,uh,14,06,00,
991,ugw,14,07,00,
992,ua,14,09,00,
992,uh,14,37,00,
993,ua,14,09,00,
994,ua,14,11,00,
995,ugw,14,11,00,
996,uh,14,11,00,
997,uh,14,13,00,
998,ua,14,14,00,
998,ugw,14,27,00,
999,ugw,14,14,00,
1000,ugw,14,14,00,
1001,ugw,14,14,00,
1002,ua,14,14,00,
1002,ugw,14,23,00,
1003,uh,14,15,00,
1004,ua,14,15,00,
1004,uh,14,45,00,
1005,ugw,14,16,00,
1006,ugw,14,16,00,
1007,ua,14,16,00,
1007,ugw,14,28,00,
1008,ugw,14,17,00,
1009,ugw,14,17,00,
1010,ugw,14,17,00,
1011,ua,14,19,00,
1011,ugw,14,31,00,
1012,ua,14,21,00,
1013,uh,14,21,00,
1014,ugw,14,22,00,
1014,ua,14,43,00,
1015,ua,14,22,00,
1015,ugw,14,33,00,
1016,ugw,14,22,00,
1017,ua,14,23,00,
1018,ugw,14,25,00,
1019,uh,14,27,00,
1020,ua,14,29,00,
1020,uh,14,57,00,
1021,uh,14,29,00,
1022,ugw,14,30,00,
1022,ua,14,52,00,
1023,ugw,14,31,00,
1024,ugw,14,33,00,
1025,uh,14,34,00,
1025,ugw,14,53,00,
1026,ua,14,34,00,
1027,uh,14,36,00,
1028,ugw,14,36,00,
1029,ugw,14,36,00,
1030,ugw,14,36,00,
1031,uh,14,37,00,
1032,ugw,14,37,00,
1033,ua,14,37,00,
1034,ua,14,38,00,
1034,ugw,14,49,00,
1035,ua,14,41,00,
1036,uh,14,42,00,
1037,uh,14,42,00,
1038,ugw,14,43,00,
1039,uh,14,44,00,
1039,ua,15,05,00,
1040,ugw,14,44,00,
1041,ugw,14,45,00,
1042,ua,14,46,00,
1043,uh,14,47,00,
1044,ugw,14,47,00,
1045,ugw,14,48,00,
1045,ua,15,11,00,
1046,ua,14,49,00,
1047,ugw,14,50,00,
1048,ua,14,50,00,
1049,ua,14,51,00,
1050,uh,14,51,00,
1051,uh,14,52,00,
1052,uh,14,52,00,
1053,uh,14,52,00,
1054,ugw,14,52,00,
1055,ugw,14,52,00,
1055,ua,15,02,00,
1056,uh,14,53,00,
1057,ugw,14,53,00,
1058,ugw,14,53,00,
1059,ugw,14,54,00,
1060,ugw,14,55,00,
1060,ua,15,17,00,
1061,uh,14,55,00,
1062,ua,14,56,00,
1063,ugw,14,56,00,
1064,uh,14,57,00,
1065,uh,14,57,00,
1066,ugw,14,59,00,
1067,ua,14,59,00,
1067,ugw,15,09,00,
1068,ugw,15,00,00,
1069,ugw,15,00,00,
1070,ugw,15,02,00,
1071,ua,15,02,00,
1072,ua,15,02,00,
1073,ugw,15,03,00,
1074,ua,15,03,00,
1075,ugw,15,04,00,
1076,ugw,15,04,00,
1077,ua,15,05,00,
1077,ugw,15,15,00,
1078,ugw,15,06,00,
1079,uh,15,06,00,
1079,ugw,15,26,00,
1079,ubdx,15,48,00,
1080,ua,15,07,00,
1081,ugw,15,08,00,
1082,uh,15,09,00,
1083,uh,15,09,00,
1083,ugw,15,29,00,
1083,ua,15,38,00,
1084,uh,15,13,00,
1085,ugw,15,13,00,
1086,ugw,15,14,00,
1086,ua,15,36,00,
1087,ugw,15,14,00,
1088,ugw,15,15,00,
1089,uh,15,15,00,
1090,ua,15,15,00,
1091,uh,15,15,00,
1092,ugw,15,16,00,
1093,ua,15,17,00,
1094,ugw,15,17,00,
1095,ugw,15,19,00,
1096,ugw,15,19,00,
1097,ugw,15,21,00,
1098,uh,15,21,00,
1099,ugw,15,21,00,
1100,ua,15,21,00,
1100,ugw,15,33,00,
1101,ugw,15,22,00,
1101,ua,15,43,00,
1102,ua,15,22,00,
1102,ugw,15,25,00,
1102,ubdx,15,48,00,
1103,ugw,15,24,00,
1104,uh,15,24,00,
1105,uh,15,24,00,
1106,ugw,15,25,00,
1107,ugw,15,26,00,
1107,ua,15,50,00,
1108,uh,15,27,00,
1109,ua,15,28,00,
1110,uh,15,28,00,
1111,uh,15,29,00,
1111,ua,15,52,00,
1112,uh,15,29,00,
1113,uh,15,29,00,
1113,ua,15,50,00,
1114,uh,15,31,00,
1115,ugw,15,31,00,
1116,uh,15,32,00,
1117,ubdx,15,32,00,
1118,ubdx,15,33,00,
1119,ubdx,15,34,00,
1119,ugw,16,01,00,
1120,ubdx,15,35,00,
1121,ugw,15,36,00,
1121,ua,15,45,00,
1122,ugw,15,36,00,
1123,ubdx,15,37,00,
1124,ugw,15,38,00,
1125,ugw,15,38,00,
1126,ubdx,15,38,00,
1127,ua,15,38,00,
1127,ugw,15,48,00,
1128,ugw,15,38,00,
1128,ubdx,15,58,00,
1129,uh,15,39,00,
1129,ua,16,00,00,
1130,uh,15,39,00,
1131,uh,15,41,00,
1132,ubdx,15,41,00,
1133,ugw,15,41,00,
1134,uh,15,42,00,
1135,ugw,15,43,00,
1135,uh,16,17,00,
1136,ugw,15,43,00,
1137,ubdx,15,43,00,
1137,ugw,15,57,00,
1137,ua,16,14,00,
1138,ubdx,15,44,00,
1139,ugw,15,44,00,
1140,ugw,15,44,00,
1141,ua,15,44,00,
1142,ubdx,15,44,00,
1143,ua,15,44,00,
1143,ugw,15,54,00,
1144,ubdx,15,45,00,
1145,ua,15,46,00,
1145,uh,16,16,00,
1146,ubdx,15,46,00,
1147,ubdx,15,48,00,
1148,ugw,15,48,00,
1149,ubdx,15,49,00,
1149,pv,16,41,00,
1150,ugw,15,50,00,
1151,ugw,15,51,00,
1151,artc,16,14,00,
1152,ugw,15,52,00,
1153,ua,15,52,00,
1153,ugw,16,04,00,
1153,ubdx,16,23,00,
1154,ua,15,53,00,
1154,ugw,16,02,00,
1155,ugw,15,53,00,
1156,uh,15,53,00,
1157,ubdx,15,54,00,
1158,ubdx,15,55,00,
1159,uh,15,56,00,
1159,ua,16,19,00,
1160,uh,15,56,00,
1160,artc,16,14,00,
1161,ugw,15,56,00,
1161,ua,16,11,00,
1162,ubdx,15,56,00,
1163,ubdx,15,56,00,
1164,uh,15,57,00,
1165,uh,15,57,00,
1166,ubdx,15,57,00,
1167,ubdx,15,58,00,
1167,ugw,16,21,00,
1168,ubdx,15,58,00,
1169,ubdx,15,58,00,
1170,ubdx,15,59,00,
1171,ua,15,59,00,
1172,ubdx,15,59,00,
1173,ubdx,15,59,00,
1174,ubdx,16,00,00,
1175,uh,16,01,00,
1176,ua,16,03,00,
1177,ugw,16,03,00,
1178,artc,16,04,00,
1179,ua,16,04,00,
1179,ugw,16,17,00,
1179,artc,16,37,00,
1180,ugw,16,04,00,
1181,artc,16,04,00,
1182,ugw,16,04,00,
1183,ugw,16,04,00,
1184,ubdx,16,04,00,
1185,uh,16,04,00,
1186,ugw,16,06,00,
1187,ubdx,16,06,00,
1188,artc,16,07,00,
1188,uh,16,21,00,
1189,artc,16,08,00,
1190,ubdx,16,09,00,
1191,uh,16,09,00,
1191,ugw,16,39,00,
1191,ua,16,55,00,
1191,uaus,16,55,00,
1192,ugw,16,09,00,
1192,ubdx,16,23,00,
1193,ubdx,16,10,00,
1194,ugw,16,10,00,
1194,scmd,16,45,00,
1195,uh,16,10,00,
1196,ubdx,16,10,00,
1197,ubdx,16,10,00,
1198,ugw,16,10,00,
1198,ubdx,16,30,00,
1199,ua,16,10,00,
1199,ugw,16,25,00,
1200,artc,16,11,00,
1201,artc,16,11,00,
1201,uh,16,27,00,
1202,uh,16,12,00,
1203,pv,16,12,00,
1203,ugw,16,28,00,
1203,ua,16,50,00,
1203,uaus,16,50,00,
1204,ua,16,12,00,
1204,ugw,16,22,00,
1205,pv,16,12,00,
1205,ugw,16,22,00,
1205,ua,16,42,00,
1205,uaus,16,42,00,
1206,pv,16,13,00,
1206,ugw,16,21,00,
1206,ua,16,41,00,
1206,uaus,16,41,00,
1207,pv,16,13,00,
1207,ugw,16,29,00,
1207,scmd,16,49,00,
1208,ugw,16,15,00,
1208,tn,17,11,00,
1209,ugw,16,15,00,
1210,ubdx,16,15,00,
1211,uh,16,16,00,
1212,artc,16,16,00,
1213,ubdx,16,16,00,
1214,artc,16,16,00,
1215,uh,16,16,00,
1215,artc,16,34,00,
1216,pv,16,16,00,
1216,ugw,16,25,00,
1217,pv,16,16,00,
1217,ubdx,16,29,00,
1218,pv,16,17,00,
1218,ugw,16,33,00,
1219,ugw,16,17,00,
1220,ua,16,18,00,
1220,ugw,16,28,00,
1221,pv,16,18,00,
1222,uh,16,19,00,
1222,artc,16,31,00,
1223,ubdx,16,19,00,
1224,ubdx,16,19,00,
1225,uh,16,20,00,
1225,ua,16,42,00,
1225,uaus,16,42,00,
1225,scmd,17,00,00,
1226,ubdx,16,21,00,
1226,tn,17,20,00,
1227,ua,16,21,00,
1227,ugw,16,33,00,
1227,uttup,16,43,00,
1228,ua,16,21,00,
1229,ua,16,21,00,
1230,pv,16,22,00,
1230,ugw,16,31,00,
1231,artc,16,22,00,
1232,ugw,16,22,00,
1232,uh,17,16,00,
1233,ubdx,16,22,00,
1234,artc,16,23,00,
1235,uh,16,23,00,
1236,ubdx,16,24,00,
1237,ua,16,25,00,
1237,scmd,16,43,00,
1238,uh,16,25,00,
1239,ugw,16,26,00,
1239,scmd,16,47,00,
1240,ubdx,16,26,00,
1241,pv,16,27,00,
1241,ugw,16,39,00,
1241,ua,17,00,00,
1241,uaus,17,00,00,
1242,ubdx,16,27,00,
1243,ua,16,27,00,
1243,scmd,16,45,00,
1244,ubdx,16,27,00,
1245,pv,16,27,00,
1245,ubdx,16,45,00,
1246,artc,16,28,00,
1247,ua,16,28,00,
1247,ugw,16,39,00,
1247,uttup,16,49,00,
1248,ua,16,28,00,
1249,uh,16,29,00,
1250,pv,16,31,00,
1250,ubdx,16,41,00,
1251,ua,16,32,00,
1252,ua,16,33,00,
1252,scmd,16,51,00,
1253,ugw,16,33,00,
1254,ugw,16,33,00,
1254,uttup,16,49,00,
1255,ugw,16,34,00,
1255,uttup,16,55,00,
1255,aorc,17,01,00,
1256,ubdx,16,34,00,
1257,pv,16,34,00,
1257,ugw,16,43,00,
1257,ua,17,06,00,
1257,uaus,17,06,00,
1258,ugw,16,35,00,
1258,ubdx,17,04,00,
1259,ubdx,16,36,00,
1259,pv,16,58,00,
1259,ugw,17,04,00,
1260,pv,16,36,00,
1260,uttup,16,44,00,
1261,ubdx,16,36,00,
1262,ubdx,16,36,00,
1262,scmd,17,07,00,
1263,ubdx,16,37,00,
1264,ugw,16,37,00,
1264,uttup,17,01,00,
1264,aorc,17,07,00,
1265,ubdx,16,38,00,
1265,ugw,17,05,00,
1266,ua,16,38,00,
1267,ubdx,16,38,00,
1267,ugw,16,58,00,
1268,artc,16,39,00,
1269,uh,16,39,00,
1269,ua,17,02,00,
1269,uaus,17,02,00,
1269,scmd,17,20,00,
1270,uh,16,39,00,
1270,ua,17,00,00,
1270,uaus,17,00,00,
1270,ugw,17,16,00,
1270,scmd,17,19,00,
1271,ugw,16,40,00,
1271,ubdx,16,51,00,
1272,scmd,16,40,00,
1272,ubdx,16,50,00,
1273,uaus,16,40,00,
1273,ua,16,58,00,
1273,uttup,17,17,00,
1273,artc,17,24,00,
1273,aorc,17,24,00,
1274,pv,16,40,00,
1274,ugw,16,49,00,
1274,ua,17,10,00,
1274,uaus,17,10,00,
1274,scmd,17,34,00,
1275,ua,16,41,00,
1275,uaus,16,41,00,
1276,ua,16,41,00,
1276,uaus,16,41,00,
1276,scmd,16,58,00,
1277,uttup,16,41,00,
1278,pv,16,42,00,
1278,ubdx,16,51,00,
1279,pv,16,43,00,
1279,ugw,16,52,00,
1279,ua,17,12,00,
1279,uaus,17,12,00,
1280,uttup,16,43,00,
1281,ubdx,16,43,00,
1281,scmd,17,04,00,
1282,uh,16,43,00,
1282,uaus,17,19,00,
1282,scmd,17,32,00,
1283,ubdx,16,44,00,
1284,ubdx,16,44,00,
1285,ua,16,44,00,
1285,uaus,16,44,00,
1286,ua,16,44,00,
1286,uaus,16,44,00,
1287,ua,16,44,00,
1287,uaus,16,44,00,
1287,ugw,16,57,00,
1287,uttup,17,10,00,
1287,aorc,17,19,00,
1288,uaus,16,45,00,
1288,scmd,17,03,00,
1289,scmd,16,45,00,
1290,ubdx,16,45,00,
1291,scmd,16,46,00,
1292,uttup,16,46,00,
1293,ugw,16,46,00,
1293,uttup,17,04,00,
1293,aorc,17,17,00,
1294,ubdx,16,46,00,
1295,ugw,16,46,00,
1295,ubdx,17,10,00,
1296,ua,16,46,00,
1296,uaus,16,46,00,
1296,ugw,16,59,00,
1296,uttup,17,07,00,
1296,artc,17,17,00,
1296,aorc,17,17,00,
1297,scmd,16,47,00,
1297,ua,17,06,00,
1297,uaus,17,06,00,
1298,artc,16,47,00,
1298,uh,17,02,00,
1299,ua,16,47,00,
1299,uaus,16,47,00,
1299,uh,17,13,00,
1300,uh,16,47,00,
1301,uaus,16,47,00,
1301,uh,17,27,00,
1302,artc,16,48,00,
1303,ugw,16,48,00,
1303,uttup,17,11,00,
1303,aorc,17,18,00,
1304,ua,16,48,00,
1304,uaus,16,48,00,
1304,ugw,16,58,00,
1304,uttup,17,08,00,
1304,aorc,17,15,00,
1305,scmd,16,49,00,
1305,ubdx,17,00,00,
1306,artc,16,49,00,
1306,uh,17,08,00,
1307,uaus,16,50,00,
1307,ua,17,04,00,
1307,ugw,17,13,00,
1307,uttup,17,24,00,
1307,aorc,17,31,00,
1308,pv,16,51,00,
1308,ubdx,17,00,00,
1309,ugw,16,51,00,
1310,pv,16,51,00,
1310,ubdx,17,04,00,
1311,ubdx,16,51,00,
1312,artc,16,52,00,
1312,uh,17,07,00,
1313,ugw,16,52,00,
1313,uttup,17,14,00,
1313,aorc,17,20,00,
1314,uttup,16,52,00,
1315,ubdx,16,52,00,
1316,ugw,16,52,00,
1317,ubdx,16,52,00,
1318,ua,16,52,00,
1318,uaus,16,52,00,
1318,uh,17,18,00,
1319,uh,16,52,00,
1320,ua,16,53,00,
1320,uaus,16,53,00,
1320,ugw,17,04,00,
1320,uttup,17,15,00,
1320,aorc,17,23,00,
1321,ubdx,16,53,00,
1321,ugw,17,02,00,
1322,ua,16,54,00,
1322,uaus,16,54,00,
1323,uttup,16,54,00,
1323,artc,17,01,00,
1323,aorc,17,01,00,
1324,ua,16,55,00,
1324,uaus,16,55,00,
1324,uh,17,25,00,
1325,uttup,16,55,00,
1326,uh,16,55,00,
1327,uttup,16,57,00,
1328,pv,16,57,00,
1328,ugw,17,16,00,
1329,uh,16,57,00,
1330,pv,16,57,00,
1330,ubdx,17,08,00,
1331,uh,16,58,00,
1331,artc,17,15,00,
1331,aorc,17,15,00,
1332,scmd,16,58,00,
1332,ugw,17,16,00,
1332,uttup,17,36,00,
1332,aorc,17,42,00,
1333,uttup,16,58,00,
1333,artc,17,07,00,
1333,aorc,17,07,00,
1334,aorc,17,00,00,
1334,artc,17,08,00,
1335,artc,17,00,00,
1335,aorc,17,00,00,
1335,pv,17,26,00,
1335,ubdx,17,40,00,
1336,artc,17,00,00,
1336,aorc,17,00,00,
1337,ubdx,17,01,00,
1338,ugw,17,01,00,
1338,ubdx,17,24,00,
1339,pv,17,01,00,
1339,ugw,17,16,00,
1339,scmd,17,38,00,
1340,tn,17,02,00,
1341,ubdx,17,03,00,
1342,uttup,17,03,00,
1343,ugw,17,03,00,
1343,scmd,17,14,00,
1344,pv,17,03,00,
1344,ubdx,17,16,00,
1345,uh,17,04,00,
1346,tn,17,04,00,
1347,uttup,17,04,00,
1347,ugw,17,16,00,
1348,tn,17,05,00,
1349,uttup,17,05,00,
1349,artc,17,14,00,
1349,aorc,17,14,00,
1350,ubdx,17,06,00,
1351,tn,17,07,00,
1352,artc,17,07,00,
1352,aorc,17,07,00,
1352,uh,17,22,00,
1353,uh,17,07,00,
1353,ugw,17,27,00,
1354,ubdx,17,08,00,
1355,ugw,17,08,00,
1356,artc,17,08,00,
1356,aorc,17,08,00,
1356,uh,17,25,00,
1357,ubdx,17,08,00,
1357,scmd,17,18,00,
1357,ugw,17,46,00,
1358,uttup,17,09,00,
1359,ubdx,17,09,00,
1360,uh,17,09,00,
1361,ubdx,17,10,00,
1362,aorc,17,10,00,
1363,tn,17,11,00,
1364,ubdx,17,11,00,
1365,scmd,17,11,00,
1365,ua,17,29,00,
1365,uaus,17,29,00,
1366,ubdx,17,11,00,
1367,ugw,17,11,00,
1367,uttup,17,32,00,
1367,aorc,17,39,00,
1368,uh,17,11,00,
1368,ugw,17,35,00,
1369,uh,17,11,00,
1370,aorc,17,11,00,
1370,artc,17,19,00,
1370,uttup,17,28,00,
1371,scmd,17,12,00,
1371,ua,17,31,00,
1371,uaus,17,31,00,
1371,uh,18,01,00,
1372,ugw,17,12,00,
1372,uttup,17,34,00,
1372,aorc,17,40,00,
1373,scmd,17,12,00,
1373,uaus,17,22,00,
1374,ubdx,17,12,00,
1374,scmd,17,56,00,
1375,ua,17,13,00,
1375,uaus,17,13,00,
1375,scmd,17,30,00,
1376,ubdx,17,14,00,
1377,pv,17,14,00,
1377,ugw,17,22,00,
1377,ua,17,43,00,
1377,uaus,17,43,00,
1378,scmd,17,14,00,
1378,ugw,17,19,00,
1378,uttup,17,43,00,
1378,aorc,17,50,00,
1379,ubdx,17,14,00,
1380,pv,17,14,00,
1380,ugw,17,26,00,
1380,ua,17,50,00,
1380,uaus,17,50,00,
1381,uttup,17,14,00,
1381,artc,17,21,00,
1381,aorc,17,21,00,
1382,tn,17,14,00,
1383,artc,17,15,00,
1383,aorc,17,15,00,
1383,uttup,17,44,00,
1384,artc,17,16,00,
1384,aorc,17,16,00,
1385,uttup,17,16,00,
1386,ubdx,17,16,00,
1387,artc,17,16,00,
1387,aorc,17,16,00,
1388,ubdx,17,16,00,
1389,ubdx,17,17,00,
1390,tn,17,17,00,
1391,uttup,17,17,00,
1391,artc,17,27,00,
1391,aorc,17,27,00,
1392,tn,17,17,00,
1393,ubdx,17,18,00,
1393,scmd,17,20,00,
1393,uaus,17,37,00,
1394,ua,17,18,00,
1394,uaus,17,18,00,
1394,scmd,17,36,00,
1395,ugw,17,20,00,
1395,ubdx,17,42,00,
1396,uh,17,21,00,
1396,artc,17,34,00,
1396,aorc,17,34,00,
1397,uaus,17,21,00,
1397,scmd,17,38,00,
1398,ubdx,17,21,00,
1399,ua,17,21,00,
1399,uaus,17,21,00,
1399,ugw,17,33,00,
1399,uttup,17,43,00,
1399,aorc,17,51,00,
1400,ubdx,17,21,00,
1401,ubdx,17,22,00,
1402,tn,17,22,00,
1403,scmd,17,22,00,
1403,ua,17,39,00,
1403,uaus,17,39,00,
1403,uh,18,07,00,
1404,artc,17,22,00,
1404,aorc,17,22,00,
1405,aorc,17,22,00,
1405,artc,17,24,00,
1405,uh,17,39,00,
1406,pv,17,22,00,
1406,ubdx,17,30,00,
1407,pv,17,22,00,
1407,ugw,17,26,00,
1407,scmd,17,35,00,
1408,tn,17,22,00,
1409,uttup,17,23,00,
1410,uttup,17,23,00,
1410,artc,17,31,00,
1410,aorc,17,31,00,
1411,scmd,17,23,00,
1411,ugw,17,42,00,
1411,uttup,18,06,00,
1411,aorc,18,13,00,
1412,artc,17,23,00,
1412,aorc,17,23,00,
1412,uttup,17,28,00,
1413,scmd,17,24,00,
1413,ugw,17,42,00,
1413,uttup,18,03,00,
1413,aorc,18,09,00,
1414,uttup,17,24,00,
1414,artc,17,31,00,
1414,aorc,17,31,00,
1415,ubdx,17,25,00,
1416,ubdx,17,25,00,
1417,ubdx,17,26,00,
1418,artc,17,26,00,
1418,aorc,17,26,00,
1419,pv,17,26,00,
1419,ubdx,17,39,00,
1420,uh,17,27,00,
1420,artc,17,45,00,
1420,aorc,17,45,00,
1421,tn,17,27,00,
1422,pv,17,27,00,
1422,ugw,17,36,00,
1423,ugw,17,27,00,
1423,uttup,18,09,00,
1424,ubdx,17,28,00,
1425,tn,17,28,00,
1426,uh,17,29,00,
1426,ua,17,50,00,
1426,uaus,17,50,00,
1426,scmd,18,07,00,
1427,ugw,17,29,00,
1427,uttup,17,52,00,
1427,artc,18,02,00,
1427,aorc,18,02,00,
1428,ubdx,17,29,00,
1429,uh,17,29,00,
1429,artc,17,41,00,
1429,aorc,17,41,00,
1430,ugw,17,30,00,
1431,artc,17,30,00,
1431,aorc,17,30,00,
1431,uh,18,05,00,
1432,ubdx,17,30,00,
1432,ugw,17,57,00,
1433,uh,17,30,00,
1433,ua,17,52,00,
1433,uaus,17,52,00,
1433,scmd,18,08,00,
1434,uh,17,31,00,
1434,uaus,18,07,00,
1434,scmd,18,19,00,
1435,ua,17,31,00,
1435,uaus,17,31,00,
1435,scmd,17,49,00,
1436,scmd,17,32,00,
1437,uh,17,32,00,
1438,artc,17,32,00,
1438,aorc,17,32,00,
1438,uh,17,51,00,
1439,ubdx,17,32,00,
1440,uttup,17,33,00,
1440,ugw,17,44,00,
1440,ubdx,18,02,00,
1440,ubdxv,18,02,00,
1441,uttup,17,33,00,
1442,artc,17,33,00,
1442,aorc,17,33,00,
1443,tn,17,34,00,
1444,aorc,17,34,00,
1444,uttup,17,41,00,
1444,ugw,17,56,00,
1445,ugw,17,34,00,
1445,uttup,17,58,00,
1445,aorc,18,04,00,
1446,uttup,17,34,00,
1446,scmd,18,30,00,
1447,artc,17,34,00,
1447,aorc,17,34,00,
1448,pv,17,34,00,
1448,ubdx,17,46,00,
1449,ubdx,17,35,00,
1449,ugw,18,00,00,
1450,tn,17,36,00,
1451,ugw,17,36,00,
1451,ubdx,18,01,00,
1451,ubdxv,18,01,00,
1452,tn,17,36,00,
1453,tn,17,36,00,
1454,scmd,17,37,00,
1454,ugw,17,54,00,
1454,uttup,18,15,00,
1454,aorc,18,21,00,
1455,scmd,17,37,00,
1456,tn,17,37,00,
1457,tn,17,37,00,
1458,ubdx,17,37,00,
1459,ubdx,17,38,00,
1459,ugw,17,58,00,
1460,uh,17,39,00,
1461,uh,17,39,00,
1461,uttup,17,46,00,
1461,ugw,17,54,00,
1461,scmd,18,13,00,
1462,tn,17,40,00,
1463,scmd,17,40,00,
1463,uaus,17,53,00,
1464,ua,17,41,00,
1464,uaus,17,41,00,
1464,scmd,17,59,00,
1465,ubdx,17,41,00,
1466,tn,17,41,00,
1467,scmd,17,42,00,
1467,uaus,17,57,00,
1467,ua,18,13,00,
1467,ugw,18,23,00,
1467,uttup,18,35,00,
1467,aorc,18,42,00,
1468,tn,17,42,00,
1469,scmd,17,42,00,
1469,ua,18,00,00,
1469,uaus,18,00,00,
1470,scmd,17,42,00,
1470,ugw,18,00,00,
1470,uttup,18,22,00,
1470,aorc,18,28,00,
1471,tn,17,42,00,
1472,tn,17,42,00,
1473,scmd,17,43,00,
1474,uh,17,43,00,
1475,artc,17,44,00,
1475,aorc,17,44,00,
1476,artc,17,44,00,
1476,aorc,17,44,00,
1476,uh,18,01,00,
1477,uaus,17,44,00,
1477,scmd,17,47,00,
1478,scmd,17,45,00,
1478,uaus,17,56,00,
1479,ubdx,17,45,00,
1480,ugw,17,45,00,
1480,uttup,18,05,00,
1480,aorc,18,12,00,
1481,uttup,17,45,00,
1481,ugw,18,03,00,
1482,artc,17,46,00,
1482,aorc,17,46,00,
1483,artc,17,46,00,
1483,aorc,17,46,00,
1484,artc,17,47,00,
1484,aorc,17,47,00,
1485,tn,17,47,00,
1486,uttup,17,47,00,
1487,scmd,17,47,00,
1487,ua,18,05,00,
1487,uaus,18,05,00,
1488,scmd,17,47,00,
1488,ua,18,06,00,
1488,uaus,18,06,00,
1489,ubdx,17,47,00,
1489,tn,18,34,00,
1490,uaus,17,47,00,
1490,scmd,17,57,00,
1491,pv,17,47,00,
1491,ubdx,17,56,00,
1492,uttup,17,48,00,
1492,ugw,18,03,00,
1492,ubdx,18,20,00,
1492,ubdxv,18,20,00,
1493,ubdx,17,48,00,
1494,ubdx,17,49,00,
1495,uttup,17,49,00,
1495,aorc,17,58,00,
1496,ua,17,50,00,
1496,uaus,17,50,00,
1496,scmd,18,08,00,
1497,uttup,17,50,00,
1497,aorc,17,56,00,
1497,artc,18,02,00,
1498,uh,17,51,00,
1498,ua,18,14,00,
1498,uaus,18,14,00,
1498,scmd,18,32,00,
1499,scmd,17,51,00,
1499,ugw,18,06,00,
1499,uttup,18,24,00,
1499,aorc,18,30,00,
1499,artc,18,35,00,
1500,uh,17,51,00,
1501,scmd,17,51,00,
1502,uaus,17,51,00,
1503,ubdx,17,51,00,
1504,uh,17,52,00,
1505,uttup,17,52,00,
1505,artc,18,00,00,
1505,aorc,18,00,00,
1506,scmd,17,52,00,
1506,uaus,18,07,00,
1506,ua,18,23,00,
1506,ugw,18,33,00,
1506,uttup,18,45,00,
1506,aorc,18,53,00,
1507,scmd,17,52,00,
1508,scmd,17,52,00,
1508,uaus,18,04,00,
1509,tn,17,52,00,
1510,ua,17,52,00,
1510,uaus,17,52,00,
1510,scmd,18,10,00,
1511,pv,17,53,00,
1511,ubdx,18,05,00,
1511,ubdxv,18,05,00,
1512,uttup,17,53,00,
1512,ugw,18,08,00,
1513,uh,17,53,00,
1514,ubdx,17,53,00,
1515,artc,17,54,00,
1515,aorc,17,54,00,
1515,uh,18,12,00,
1516,ubdx,17,54,00,
1516,ugw,18,12,00,
1517,ugw,17,54,00,
1517,uttup,18,13,00,
1517,aorc,18,21,00,
1518,ubdx,17,54,00,
1518,ugw,18,23,00,
1519,uh,17,55,00,
1519,artc,18,10,00,
1519,aorc,18,10,00,
1520,uh,17,55,00,
1521,ubdx,17,56,00,
1521,ugw,18,23,00,
1522,uttup,17,56,00,
1523,tn,17,56,00,
1524,scmd,17,57,00,
1524,uaus,18,12,00,
1524,ua,18,28,00,
1524,ugw,18,38,00,
1524,uttup,18,50,00,
1524,aorc,18,58,00,
1525,tn,17,57,00,
1526,tn,17,57,00,
1527,uttup,17,57,00,
1527,aorc,17,59,00,
1528,ubdx,17,58,00,
1529,uttup,17,59,00,
1529,artc,18,06,00,
1529,aorc,18,06,00,
1530,ubdx,17,59,00,
1531,uttup,18,00,00,
1531,artc,18,09,00,
1531,aorc,18,09,00,
1532,tn,18,00,00,
1533,ua,18,01,00,
1533,uaus,18,01,00,
1534,uh,18,01,00,
1535,ugw,18,01,00,
1535,uttup,18,13,00,
1535,pv,18,24,00,
1535,ubdxv,18,24,00,
1536,ubdx,18,01,00,
1536,ubdxv,18,01,00,
1537,pv,18,02,00,
1537,ubdxv,18,02,00,
1537,ubdx,18,11,00,
1538,pv,18,02,00,
1538,ubdxv,18,02,00,
1538,ubdx,18,26,00,
1539,tn,18,02,00,
1540,ua,18,02,00,
1540,uaus,18,02,00,
1540,scmd,18,21,00,
1541,ugw,18,02,00,
1541,ubdx,18,26,00,
1541,ubdxv,18,26,00,
1542,tn,18,03,00,
1543,uaus,18,03,00,
1543,scmd,18,18,00,
1544,uh,18,03,00,
1545,ua,18,04,00,
1545,uaus,18,04,00,
1546,ubdx,18,05,00,
1546,ubdxv,18,05,00,
1547,ubdx,18,05,00,
1547,ubdxv,18,05,00,
1548,uh,18,05,00,
1549,uh,18,05,00,
1550,artc,18,06,00,
1550,aorc,18,06,00,
1551,pv,18,06,00,
1551,ubdxv,18,06,00,
1551,ubdx,18,18,00,
1552,ugw,18,06,00,
1552,uttup,18,27,00,
1552,aorc,18,34,00,
1553,scmd,18,06,00,
1553,ugw,18,21,00,
1553,uttup,18,42,00,
1553,aorc,18,48,00,
1554,ubdx,18,06,00,
1554,ubdxv,18,06,00,
1555,artc,18,07,00,
1555,aorc,18,07,00,
1555,uh,18,22,00,
1556,ubdx,18,07,00,
1556,ubdxv,18,07,00,
1556,scmd,18,20,00,
1556,ugw,18,29,00,
1556,ua,18,34,00,
1556,uaus,18,34,00,
1557,ubdx,18,07,00,
1557,ubdxv,18,07,00,
1558,pv,18,07,00,
1558,ubdxv,18,07,00,
1558,ugw,18,16,00,
1559,tn,18,07,00,
1560,pv,18,07,00,
1560,ubdxv,18,07,00,
1560,ugw,18,23,00,
1561,ubdx,18,08,00,
1561,ubdxv,18,08,00,
1561,ugw,18,38,00,
1562,uaus,18,08,00,
1562,scmd,18,25,00,
1563,ubdx,18,08,00,
1563,ubdxv,18,08,00,
1563,ugw,18,28,00,
1564,pv,18,08,00,
1564,ubdxv,18,08,00,
1564,ubdx,18,25,00,
1565,ubdx,18,09,00,
1565,ubdxv,18,09,00,
1566,ubdx,18,09,00,
1566,ubdxv,18,09,00,
1566,ugw,18,34,00,
1566,uttup,18,59,00,
1566,artc,19,14,00,
1566,aorc,19,14,00,
1567,artc,18,09,00,
1567,aorc,18,09,00,
1568,pv,18,10,00,
1568,ubdxv,18,10,00,
1568,ubdx,18,20,00,
1569,uttup,18,11,00,
1569,ugw,18,29,00,
1570,ubdx,18,11,00,
1570,ubdxv,18,11,00,
1571,tn,18,12,00,
1572,tn,18,12,00,
1573,aorc,18,12,00,
1573,artc,18,15,00,
1573,uh,18,28,00,
1574,ugw,18,12,00,
1575,artc,18,12,00,
1575,aorc,18,12,00,
1575,uh,18,26,00,
1576,ua,18,13,00,
1576,uaus,18,13,00,
1576,ugw,18,24,00,
1576,uttup,18,35,00,
1576,aorc,18,43,00,
1577,scmd,18,13,00,
1577,uaus,18,33,00,
1578,ugw,18,13,00,
1578,uttup,18,18,00,
1578,aorc,18,27,00,
1579,uh,18,14,00,
1579,ugw,18,33,00,
1580,pv,18,14,00,
1580,ubdxv,18,14,00,
1580,ugw,18,22,00,
1580,uaus,18,43,00,
1581,artc,18,14,00,
1581,aorc,18,14,00,
1581,uttup,18,21,00,
1581,ugw,18,29,00,
1581,scmd,18,51,00,
1582,pv,18,15,00,
1582,ubdxv,18,15,00,
1583,artc,18,15,00,
1583,aorc,18,15,00,
1584,pv,18,15,00,
1584,ubdxv,18,15,00,
1584,ubdx,18,27,00,
1585,tn,18,16,00,
1586,artc,18,16,00,
1586,aorc,18,16,00,
1587,uaus,18,16,00,
1587,uh,19,06,00,
1588,aorc,18,17,00,
1588,uttup,18,24,00,
1589,ugw,18,17,00,
1589,pv,18,45,00,
1589,ubdxv,18,45,00,
1589,ubdx,18,52,00,
1590,uh,18,17,00,
1590,artc,18,36,00,
1590,aorc,18,36,00,
1591,scmd,18,17,00,
1591,ugw,18,31,00,
1591,ua,18,36,00,
1591,uaus,18,36,00,
1591,uh,18,59,00,
1592,ugw,18,18,00,
1593,ua,18,18,00,
1593,uaus,18,18,00,
1593,scmd,18,36,00,
1594,ubdx,18,18,00,
1594,ubdxv,18,18,00,
1594,ugw,18,48,00,
1595,artc,18,18,00,
1595,aorc,18,18,00,
1596,ubdx,18,18,00,
1596,ubdxv,18,18,00,
1597,scmd,18,18,00,
1598,pv,18,19,00,
1598,ubdxv,18,19,00,
1598,ugw,18,27,00,
1598,scmd,18,53,00,
1599,pv,18,19,00,
1599,ubdxv,18,19,00,
1599,ubdx,18,32,00,
1600,ua,18,19,00,
1600,uaus,18,19,00,
1600,ugw,18,31,00,
1600,uttup,18,43,00,
1600,aorc,18,51,00,
1601,uaus,18,19,00,
1601,scmd,18,29,00,
1602,ua,18,19,00,
1602,uaus,18,19,00,
1602,ugw,18,40,00,
1602,uttup,19,12,00,
1602,uh,19,19,00,
1603,pv,18,19,00,
1603,ubdxv,18,19,00,
1603,ubdx,18,27,00,
1604,tn,18,20,00,
1605,ubdx,18,20,00,
1605,ubdxv,18,20,00,
1606,pv,18,20,00,
1606,ubdxv,18,20,00,
1606,ubdx,18,31,00,
1607,uttup,18,21,00,
1608,uh,18,21,00,
1608,artc,18,46,00,
1608,aorc,18,46,00,
1609,ugw,18,21,00,
1609,scmd,18,46,00,
1610,pv,18,22,00,
1610,ubdxv,18,22,00,
1610,ugw,18,38,00,
1610,uaus,18,59,00,
1610,smds,19,08,00,
1610,scmd,19,22,00,
1611,ubdx,18,22,00,
1611,ubdxv,18,22,00,
1611,pv,20,13,00,
1612,pv,18,22,00,
1612,ubdxv,18,22,00,
1612,ubdx,18,35,00,
1613,tn,18,23,00,
1614,tn,18,23,00,
1615,scmd,18,23,00,
1615,ugw,18,39,00,
1615,uttup,18,59,00,
1615,aorc,19,05,00,
1616,ubdx,18,23,00,
1616,ubdxv,18,23,00,
1617,artc,18,23,00,
1617,aorc,18,23,00,
1618,ua,18,24,00,
1618,uaus,18,24,00,
1619,uttup,18,24,00,
1620,ubdx,18,24,00,
1620,ubdxv,18,24,00,
1620,ugw,18,32,00,
1621,ugw,18,24,00,
1621,uttup,18,27,00,
1621,aorc,18,35,00,
1622,uttup,18,24,00,
1622,artc,18,31,00,
1622,aorc,18,31,00,
1623,pv,18,25,00,
1623,ubdxv,18,25,00,
1623,ugw,18,34,00,
1623,uaus,18,55,00,
1623,smds,19,05,00,
1623,scmd,19,18,00,
1624,scmd,18,25,00,
1624,uaus,18,47,00,
1624,ubdx,19,55,00,
1624,ubdxv,19,55,00,
1625,pv,18,26,00,
1625,ubdxv,18,26,00,
1625,ugw,18,35,00,
1626,ugw,18,26,00,
1626,ubdx,18,53,00,
1626,ubdxv,18,53,00,
1627,scmd,18,26,00,
1627,uaus,18,44,00,
1628,uh,18,26,00,
1628,ugw,19,06,00,
1628,ugwa,19,06,00,
1629,scmd,18,27,00,
1629,uaus,18,46,00,
1629,uh,19,16,00,
1630,ugw,18,27,00,
1630,ubdx,19,12,00,
1630,ubdxv,19,12,00,
1631,pv,18,27,00,
1631,ubdxv,18,27,00,
1631,ugw,18,39,00,
1631,scmd,18,57,00,
1632,tn,18,27,00,
1633,tn,18,27,00,
1634,scmd,18,27,00,
1634,ubdx,18,54,00,
1634,ubdxv,18,54,00,
1635,scmd,18,28,00,
1635,uaus,18,31,00,
1635,ugw,18,53,00,
1635,uttup,19,03,00,
1635,aorc,19,10,00,
1636,scmd,18,28,00,
1637,tn,18,28,00,
1638,pv,18,29,00,
1638,ubdxv,18,29,00,
1638,ugw,18,38,00,
1638,ugwa,19,00,00,
1638,uaus,19,00,00,
1638,smds,19,10,00,
1638,scmd,19,25,00,
1639,artc,18,29,00,
1639,aorc,18,29,00,
1639,uh,18,47,00,
1640,ugw,18,29,00,
1640,ubdx,18,44,00,
1640,ubdxv,18,44,00,
1641,ubdx,18,30,00,
1641,ubdxv,18,30,00,
1642,scmd,18,30,00,
1642,uaus,18,43,00,
1643,ugw,18,31,00,
1643,ubdx,18,54,00,
1643,ubdxv,18,54,00,
1644,ugw,18,31,00,
1644,ubdx,18,49,00,
1644,ubdxv,18,49,00,
1645,ubdx,18,32,00,
1645,ubdxv,18,32,00,
1646,artc,18,32,00,
1646,aorc,18,32,00,
1646,uh,18,46,00,
1647,ubdx,18,32,00,
1647,ubdxv,18,32,00,
1648,scmd,18,32,00,
1648,uaus,18,50,00,
1649,tn,18,32,00,
1650,uttup,18,33,00,
1651,scmd,18,33,00,
1651,uaus,18,44,00,
1652,tn,18,33,00,
1653,pv,18,33,00,
1653,ubdxv,18,33,00,
1653,ugw,18,48,00,
1654,tn,18,33,00,
1655,uttup,18,34,00,
1656,ugw,18,34,00,
1656,ubdx,19,01,00,
1656,ubdxv,19,01,00,
1657,aorc,18,35,00,
1657,artc,18,39,00,
1657,uh,18,55,00,
1658,uttup,18,35,00,
1659,ua,18,36,00,
1659,uaus,18,36,00,
1659,scmd,18,53,00,
1660,scmd,18,36,00,
1660,ugw,18,51,00,
1660,uttup,19,12,00,
1660,aorc,19,18,00,
1661,pv,18,36,00,
1661,ubdxv,18,36,00,
1661,ubdx,18,47,00,
1662,ubdx,18,37,00,
1662,ubdxv,18,37,00,
1663,tn,18,38,00,
1664,scmd,18,38,00,
1664,uaus,18,53,00,
1665,pv,18,38,00,
1665,ubdxv,18,38,00,
1665,ubdx,18,50,00,
1666,tn,18,39,00,
1667,ua,18,39,00,
1667,uaus,18,39,00,
1667,ugw,18,52,00,
1667,uttup,19,02,00,
1667,artc,19,12,00,
1667,aorc,19,12,00,
1668,uh,18,39,00,
1669,uttup,18,39,00,
1670,uh,18,40,00,
1670,artc,19,01,00,
1670,aorc,19,01,00,
1671,tn,18,40,00,
1672,uh,18,41,00,
1672,ugw,19,04,00,
1672,ugwa,19,04,00,
1673,pv,18,41,00,
1673,ubdxv,18,41,00,
1673,ugw,18,55,00,
1673,ugwa,19,17,00,
1673,uaus,19,17,00,
1673,smds,19,25,00,
1674,artc,18,41,00,
1674,aorc,18,41,00,
1675,uttup,18,42,00,
1675,artc,18,52,00,
1675,aorc,18,52,00,
1676,ubdx,18,42,00,
1676,ubdxv,18,42,00,
1677,scmd,18,42,00,
1677,uaus,18,59,00,
1678,scmd,18,42,00,
1678,ugwa,19,00,00,
1678,uaus,19,00,00,
1679,ubdx,18,42,00,
1679,ubdxv,18,42,00,
1680,pv,18,43,00,
1680,ubdxv,18,43,00,
1680,ugw,18,59,00,
1680,ugwa,19,21,00,
1680,uaus,19,21,00,
1680,smds,19,31,00,
1680,scmd,19,44,00,
1681,ubdx,18,43,00,
1681,ubdxv,18,43,00,
1682,ubdx,18,44,00,
1682,ubdxv,18,44,00,
1683,ubdx,18,44,00,
1683,ubdxv,18,44,00,
1684,uttup,18,45,00,
1685,ubdx,18,45,00,
1685,ubdxv,18,45,00,
1686,artc,18,45,00,
1686,aorc,18,45,00,
1687,ubdx,18,46,00,
1687,ubdxv,18,46,00,
1687,scmd,18,57,00,
1688,uttup,18,46,00,
1688,artc,18,55,00,
1688,aorc,18,55,00,
1689,uttup,18,47,00,
1689,ugw,19,03,00,
1689,ugwa,19,03,00,
1690,tn,18,47,00,
1691,tn,18,47,00,
1692,tn,18,47,00,
1693,pv,18,47,00,
1693,ubdxv,18,47,00,
1693,ubdx,18,55,00,
1694,artc,18,47,00,
1694,aorc,18,47,00,
1695,artc,18,47,00,
1695,aorc,18,47,00,
1695,uh,19,07,00,
1696,tn,18,48,00,
1697,ubdx,18,48,00,
1697,ubdxv,18,48,00,
1698,scmd,18,48,00,
1698,uaus,19,03,00,
1698,smds,19,03,00,
1699,uttup,18,49,00,
1700,ubdx,18,49,00,
1700,ubdxv,18,49,00,
1700,ugw,19,12,00,
1700,ugwa,19,12,00,
1700,uh,19,43,00,
1701,ubdx,18,49,00,
1701,ubdxv,18,49,00,
1702,ubdx,18,49,00,
1702,ubdxv,18,49,00,
1703,tn,18,50,00,
1704,artc,18,50,00,
1704,aorc,18,50,00,
1705,uaus,18,50,00,
1705,scmd,19,10,00,
1705,smds,19,10,00,
1706,ubdx,18,50,00,
1706,ubdxv,18,50,00,
1707,ubdx,18,50,00,
1707,ubdxv,18,50,00,
1708,uh,18,50,00,
1709,ubdx,18,51,00,
1709,ubdxv,18,51,00,
1710,ugw,18,51,00,
1711,scmd,18,51,00,
1711,ugwa,19,07,00,
1711,uaus,19,07,00,
1712,pv,18,52,00,
1712,ubdxv,18,52,00,
1712,ubdx,19,10,00,
1713,tn,18,52,00,
1714,pv,18,52,00,
1714,ubdxv,18,52,00,
1714,ugw,19,04,00,
1714,ugwa,19,04,00,
1714,uaus,19,25,00,
1714,smds,19,33,00,
1715,scmd,18,52,00,
1715,uaus,19,07,00,
1715,smds,19,07,00,
1715,ugwa,19,23,00,
1715,ugw,19,33,00,
1715,uttup,19,45,00,
1715,aorc,19,53,00,
1716,ubdx,18,52,00,
1716,ubdxv,18,52,00,
1717,aorc,18,52,00,
1717,artc,18,55,00,
1717,uh,19,08,00,
1718,ugw,18,52,00,
1719,artc,18,52,00,
1719,aorc,18,52,00,
1720,uttup,18,53,00,
1720,ugw,19,06,00,
1720,ugwa,19,06,00,
1721,artc,18,53,00,
1721,aorc,18,53,00,
1722,ubdx,18,53,00,
1722,ubdxv,18,53,00,
1722,ugw,19,06,00,
1722,ugwa,19,06,00,
1722,uaus,19,20,00,
1722,smds,19,29,00,
1722,scmd,19,41,00,
1723,uttup,18,54,00,
1723,artc,19,18,00,
1723,aorc,19,18,00,
1724,uaus,18,55,00,
1724,ugw,19,07,00,
1724,ugwa,19,07,00,
1724,scmd,19,17,00,
1724,smds,19,17,00,
1724,ubdx,19,27,00,
1724,ubdxv,19,27,00,
1725,uh,18,55,00,
1725,artc,19,13,00,
1725,aorc,19,13,00,
1726,ubdx,18,56,00,
1726,ubdxv,18,56,00,
1727,uh,18,56,00,
1728,uttup,18,56,00,
1728,ugw,19,07,00,
1728,ugwa,19,07,00,
1728,scmd,19,27,00,
1728,smds,19,27,00,
1729,uh,18,57,00,
1729,artc,19,15,00,
1729,aorc,19,15,00,
1730,tn,18,57,00,
1731,tn,18,57,00,
1732,pv,18,57,00,
1732,ubdxv,18,57,00,
1732,ugw,19,09,00,
1732,ugwa,19,09,00,
1732,scmd,19,27,00,
1732,smds,19,27,00,
1733,uh,18,57,00,
1734,ubdx,18,57,00,
1734,ubdxv,18,57,00,
1735,ubdx,18,58,00,
1735,ubdxv,18,58,00,
1736,ugw,18,58,00,
1736,ubdx,19,25,00,
1736,ubdxv,19,25,00,
1737,ugw,18,59,00,
1737,ubdx,19,09,00,
1737,ubdxv,19,09,00,
1738,ubdx,18,59,00,
1738,ubdxv,18,59,00,
1739,artc,18,59,00,
1739,aorc,18,59,00,
1740,ubdx,18,59,00,
1740,ubdxv,18,59,00,
1741,scmd,18,59,00,
1742,uaus,18,59,00,
1742,ugw,19,12,00,
1742,ugwa,19,12,00,
1742,uttup,19,25,00,
1742,aorc,19,34,00,
1743,artc,18,59,00,
1743,aorc,18,59,00,
1743,uttup,19,05,00,
1743,pv,19,08,00,
1743,ubdxv,19,08,00,
1743,ubdx,19,18,00,
1744,ugw,18,59,00,
1744,ubdx,19,16,00,
1744,ubdxv,19,16,00,
1745,tn,19,00,00,
1746,ubdx,19,01,00,
1746,ubdxv,19,01,00,
1747,ubdx,19,01,00,
1747,ubdxv,19,01,00,
1747,ugw,19,25,00,
1747,ugwa,19,25,00,
1748,ugw,19,01,00,
1748,ugwa,19,01,00,
1748,ubdx,19,25,00,
1748,ubdxv,19,25,00,
1749,tn,19,01,00,
1750,scmd,19,02,00,
1750,smds,19,02,00,
1750,ugwa,19,19,00,
1750,uaus,19,19,00,
1750,uh,19,47,00,
1751,artc,19,02,00,
1751,aorc,19,02,00,
1751,uh,19,23,00,
1752,ubdx,19,02,00,
1752,ubdxv,19,02,00,
1753,uh,19,03,00,
1753,ugwa,19,27,00,
1753,uaus,19,27,00,
1753,scmd,19,45,00,
1753,smds,19,45,00,
1754,scmd,19,03,00,
1754,smds,19,03,00,
1754,uaus,19,05,00,
1754,ugwa,19,20,00,
1754,ugw,19,29,00,
1754,uttup,19,39,00,
1754,aorc,19,46,00,
1755,pv,19,04,00,
1755,ubdxv,19,04,00,
1755,ugw,19,19,00,
1755,ugwa,19,19,00,
1756,ubdx,19,04,00,
1756,ubdxv,19,04,00,
1757,pv,19,04,00,
1757,ubdxv,19,04,00,
1757,ugw,19,13,00,
1757,ugwa,19,13,00,
1757,uaus,19,36,00,
1757,smds,19,43,00,
1758,uttup,19,05,00,
1758,artc,19,14,00,
1758,aorc,19,14,00,
1759,pv,19,05,00,
1759,ubdxv,19,05,00,
1759,ugw,19,15,00,
1759,ugwa,19,15,00,
1760,artc,19,06,00,
1760,aorc,19,06,00,
1761,artc,19,06,00,
1761,aorc,19,06,00,
1762,ugw,19,06,00,
1762,ugwa,19,06,00,
1762,ubdx,19,33,00,
1762,ubdxv,19,33,00,
1763,scmd,19,06,00,
1763,smds,19,06,00,
1764,uh,19,07,00,
1765,pv,19,09,00,
1765,ubdxv,19,09,00,
1765,ugw,19,25,00,
1765,ugwa,19,25,00,
1765,uaus,19,46,00,
1765,smds,19,55,00,
1765,scmd,20,08,00,
1766,uttup,19,09,00,
1767,uttup,19,09,00,
1768,tn,19,10,00,
1769,scmd,19,10,00,
1769,smds,19,10,00,
1769,ugw,19,38,00,
1769,ugwa,19,38,00,
1770,scmd,19,10,00,
1770,smds,19,10,00,
1771,ubdx,19,10,00,
1771,ubdxv,19,10,00,
1772,uh,19,11,00,
1773,aorc,19,11,00,
1773,artc,19,15,00,
1773,uh,19,32,00,
1774,scmd,19,11,00,
1774,smds,19,11,00,
1774,ugwa,19,27,00,
1774,uaus,19,27,00,
1775,artc,19,12,00,
1775,aorc,19,12,00,
1775,uh,19,27,00,
1776,uttup,19,12,00,
1776,artc,19,20,00,
1776,aorc,19,20,00,
1777,tn,19,12,00,
1778,pv,19,12,00,
1778,ubdxv,19,12,00,
1778,ubdx,19,22,00,
1779,scmd,19,12,00,
1779,smds,19,12,00,
1779,uaus,19,25,00,
1779,ugwa,19,40,00,
1779,ugw,19,49,00,
1779,aorc,20,07,00,
1780,tn,19,13,00,
1781,uh,19,14,00,
1781,artc,19,27,00,
1781,aorc,19,27,00,
1782,pv,19,14,00,
1782,ubdxv,19,14,00,
1782,ugw,19,22,00,
1782,ugwa,19,22,00,
1782,uaus,19,43,00,
1783,artc,19,14,00,
1783,aorc,19,14,00,
1784,ugw,19,16,00,
1784,ugwa,19,16,00,
1784,uttup,19,37,00,
1784,aorc,19,44,00,
1785,pv,19,16,00,
1785,ubdxv,19,16,00,
1785,ubdx,19,29,00,
1786,scmd,19,17,00,
1786,smds,19,17,00,
1786,aorc,20,12,00,
1787,artc,19,17,00,
1787,aorc,19,17,00,
1787,uh,19,32,00,
1788,scmd,19,17,00,
1788,smds,19,17,00,
1788,ugw,19,32,00,
1788,ugwa,19,32,00,
1788,uttup,19,54,00,
1788,aorc,20,00,00,
1789,scmd,19,17,00,
1789,smds,19,17,00,
1789,ugwa,19,36,00,
1789,uaus,19,36,00,
1790,ugwa,19,18,00,
1790,uaus,19,18,00,
1791,pv,19,18,00,
1791,ubdxv,19,18,00,
1791,ubdx,19,31,00,
1792,scmd,19,19,00,
1792,smds,19,19,00,
1792,ugw,19,37,00,
1792,ugwa,19,37,00,
1792,uttup,19,59,00,
1792,aorc,20,05,00,
1793,uttup,19,19,00,
1794,uh,19,19,00,
1795,uttup,19,19,00,
1795,ugw,19,33,00,
1795,ugwa,19,33,00,
1796,ugw,19,19,00,
1796,ugwa,19,19,00,
1796,ubdx,19,39,00,
1796,ubdxv,19,39,00,
1797,pv,19,20,00,
1797,ubdxv,19,20,00,
1797,ubdx,19,31,00,
1798,artc,19,21,00,
1798,aorc,19,21,00,
1798,uh,19,37,00,
1799,ugwa,19,21,00,
1799,uaus,19,21,00,
1799,ugw,19,33,00,
1799,uttup,19,43,00,
1799,aorc,19,51,00,
1800,ubdx,19,21,00,
1800,ubdxv,19,21,00,
1801,ugw,19,21,00,
1801,ugwa,19,21,00,
1801,pv,19,42,00,
1801,ubdxv,19,42,00,
1802,scmd,19,22,00,
1802,smds,19,22,00,
1802,ugw,19,39,00,
1802,ugwa,19,39,00,
1802,aorc,20,06,00,
1803,tn,19,22,00,
1804,tn,19,22,00,
1805,tn,19,22,00,
1806,scmd,19,22,00,
1806,smds,19,22,00,
1806,ugwa,19,41,00,
1806,uaus,19,41,00,
1807,ubdx,19,23,00,
1807,ubdxv,19,23,00,
1807,scmd,19,28,00,
1807,smds,19,28,00,
1807,ugw,19,31,00,
1807,ugwa,19,31,00,
1807,uaus,19,45,00,
1808,scmd,19,23,00,
1808,smds,19,23,00,
1808,ugw,19,37,00,
1808,ugwa,19,37,00,
1808,uttup,19,56,00,
1808,aorc,20,01,00,
1809,tn,19,24,00,
1810,pv,19,24,00,
1810,ubdxv,19,24,00,
1810,ugw,19,38,00,
1810,ugwa,19,38,00,
1811,pv,19,25,00,
1811,ubdxv,19,25,00,
1811,ugw,19,43,00,
1811,ugwa,19,43,00,
1811,uaus,20,09,00,
1811,smds,20,18,00,
1812,ugw,19,26,00,
1812,ugwa,19,26,00,
1812,ubdx,19,55,00,
1812,ubdxv,19,55,00,
1813,ubdx,19,26,00,
1813,ubdxv,19,26,00,
1814,ugw,19,26,00,
1814,ugwa,19,26,00,
1814,ubdx,19,53,00,
1814,ubdxv,19,53,00,
1815,pv,19,26,00,
1815,ubdxv,19,26,00,
1815,ubdx,19,40,00,
1816,uh,19,26,00,
1817,uaus,19,27,00,
1817,smds,19,27,00,
1817,scmd,19,42,00,
1818,artc,19,27,00,
1818,aorc,19,27,00,
1818,uh,19,46,00,
1819,ugwa,19,28,00,
1819,uaus,19,28,00,
1819,scmd,19,46,00,
1819,smds,19,46,00,
1820,pv,19,28,00,
1820,ubdxv,19,28,00,
1821,uaus,19,28,00,
1821,smds,19,28,00,
1821,scmd,19,46,00,
1822,uh,19,30,00,
1823,pv,19,31,00,
1823,ubdxv,19,31,00,
1823,ubdx,19,46,00,
1824,scmd,19,32,00,
1824,smds,19,32,00,
1824,ugwa,19,51,00,
1824,uaus,19,51,00,
1825,ubdx,19,32,00,
1825,ubdxv,19,32,00,
1826,uaus,19,32,00,
1826,smds,19,32,00,
1826,scmd,19,50,00,
1827,ubdx,19,33,00,
1827,ubdxv,19,33,00,
1828,ubdx,19,33,00,
1828,ubdxv,19,33,00,
1829,ubdx,19,33,00,
1829,ubdxv,19,33,00,
1830,ugw,19,34,00,
1830,ugwa,19,34,00,
1831,artc,19,34,00,
1831,aorc,19,34,00,
1832,uttup,19,34,00,
1832,aorc,19,43,00,
1832,artc,19,50,00,
1833,scmd,19,34,00,
1833,smds,19,34,00,
1833,ugw,19,39,00,
1833,ugwa,19,39,00,
1833,aorc,20,10,00,
1834,tn,19,36,00,
1835,tn,19,37,00,
1836,pv,19,37,00,
1836,ubdxv,19,37,00,
1836,ugw,19,46,00,
1836,ugwa,19,46,00,
1837,uttup,19,39,00,
1838,ugw,19,39,00,
1838,ugwa,19,39,00,
1838,ubdx,19,53,00,
1838,ubdxv,19,53,00,
1839,artc,19,39,00,
1839,aorc,19,39,00,
1839,uttup,19,45,00,
1839,ugwa,20,01,00,
1839,uaus,20,01,00,
1839,smds,20,12,00,
1839,scmd,20,30,00,
1840,uttup,19,40,00,
1841,uh,19,41,00,
1841,artc,19,55,00,
1841,aorc,19,55,00,
1842,ubdx,19,42,00,
1842,ubdxv,19,42,00,
1843,scmd,19,42,00,
1843,smds,19,42,00,
1843,ugw,19,57,00,
1843,ugwa,19,57,00,
1843,aorc,20,24,00,
1844,pv,19,43,00,
1844,ubdxv,19,43,00,
1844,ubdx,19,54,00,
1845,uttup,19,43,00,
1845,ugw,19,59,00,
1845,ugwa,19,59,00,
1846,ubdx,19,44,00,
1846,ubdxv,19,44,00,
1847,ubdx,19,45,00,
1847,ubdxv,19,45,00,
1848,pv,19,46,00,
1848,ubdxv,19,46,00,
1848,ugw,20,00,00,
1848,ugwa,20,00,00,
1848,uaus,20,22,00,
1848,smds,20,30,00,
1849,uttup,19,47,00,
1849,artc,19,56,00,
1849,aorc,19,56,00,
1850,pv,19,47,00,
1850,ubdxv,19,47,00,
1850,ugw,19,59,00,
1850,ugwa,19,59,00,
1850,uaus,20,20,00,
1850,smds,20,28,00,
1851,scmd,19,47,00,
1851,smds,19,47,00,
1851,uaus,20,02,00,
1851,ugwa,20,18,00,
1851,ugw,20,28,00,
1852,scmd,19,47,00,
1852,smds,19,47,00,
1852,ugwa,20,04,00,
1852,uaus,20,04,00,
1853,pv,19,47,00,
1853,ubdxv,19,47,00,
1853,ugw,19,57,00,
1853,ugwa,19,57,00,
1853,uaus,20,22,00,
1854,ubdx,19,47,00,
1854,ubdxv,19,47,00,
1855,scmd,19,47,00,
1855,smds,19,47,00,
1855,ugwa,20,06,00,
1855,uaus,20,06,00,
1856,pv,19,48,00,
1856,ubdxv,19,48,00,
1856,ugw,20,01,00,
1856,ugwa,20,01,00,
1857,artc,19,48,00,
1857,aorc,19,48,00,
1858,artc,19,48,00,
1858,aorc,19,48,00,
1858,uh,20,05,00,
1859,ugw,19,49,00,
1859,ugwa,19,49,00,
1859,aorc,20,22,00,
1860,tn,19,50,00,
1861,tn,19,50,00,
1862,pv,19,51,00,
1862,ubdxv,19,51,00,
1862,ugw,20,00,00,
1862,ugwa,20,00,00,
1863,ugw,19,51,00,
1863,ugwa,19,51,00,
1863,ubdx,20,15,00,
1863,ubdxv,20,15,00,
1864,artc,19,52,00,
1864,aorc,19,52,00,
1865,uh,19,52,00,
1866,tn,19,52,00,
1867,pv,19,53,00,
1867,ubdxv,19,53,00,
1867,ubdx,20,05,00,
1868,ubdx,19,54,00,
1868,ubdxv,19,54,00,
1869,artc,19,56,00,
1869,aorc,19,56,00,
1870,ugw,19,56,00,
1870,ugwa,19,56,00,
1870,aorc,20,24,00,
1871,tn,19,57,00,
1872,artc,19,57,00,
1872,aorc,19,57,00,
1872,uh,20,22,00,
1873,scmd,19,58,00,
1873,smds,19,58,00,
1873,ugw,20,18,00,
1873,ugwa,20,18,00,
1874,ugw,20,00,00,
1874,ugwa,20,00,00,
1874,ubdx,20,20,00,
1874,ubdxv,20,20,00,
1875,pv,20,00,00,
1875,ubdxv,20,00,00,
1875,ugw,20,09,00,
1875,ugwa,20,09,00,
1875,uaus,20,30,00,
1875,smds,20,40,00,
1875,scmd,20,55,00,
1876,ubdx,20,01,00,
1876,ubdxv,20,01,00,
1877,scmd,20,02,00,
1877,smds,20,02,00,
1877,ugw,20,18,00,
1877,ugwa,20,18,00,
1877,uaus,20,21,00,
1877,uh,20,52,00,
1878,scmd,20,03,00,
1878,smds,20,03,00,
1878,uaus,20,17,00,
1878,ugwa,20,33,00,
1878,ugw,20,44,00,
1879,ugwa,20,03,00,
1879,uaus,20,03,00,
1879,scmd,20,21,00,
1879,smds,20,21,00,
1880,uh,20,05,00,
1881,uaus,20,06,00,
1881,smds,20,06,00,
1882,pv,20,06,00,
1882,ubdxv,20,06,00,
1882,ugw,20,10,00,
1882,ugwa,20,10,00,
1882,scmd,20,19,00,
1882,smds,20,19,00,
1883,uh,20,06,00,
1883,uaus,20,42,00,
1883,smds,20,42,00,
1883,scmd,20,56,00,
1884,pv,20,08,00,
1884,ubdxv,20,08,00,
1884,ubdx,20,17,00,
1885,scmd,20,09,00,
1885,smds,20,09,00,
1886,uh,20,10,00,
1887,ubdx,20,11,00,
1887,ubdxv,20,11,00,
1888,ubdx,20,11,00,
1888,ubdxv,20,11,00,
1889,scmd,20,12,00,
1889,smds,20,12,00,
1889,ugwa,20,30,00,
1889,uaus,20,30,00,
1890,pv,20,12,00,
1890,ubdxv,20,12,00,
1890,ugw,20,22,00,
1890,ugwa,20,22,00,
1890,uaus,20,42,00,
1890,smds,20,50,00,
1891,scmd,20,12,00,
1891,smds,20,12,00,
1891,ugwa,20,29,00,
1891,uaus,20,29,00,
1891,uh,20,57,00,
1892,ubdx,20,12,00,
1892,ubdxv,20,12,00,
1892,pv,20,43,00,
1893,aorc,20,13,00,
1893,uh,20,30,00,
1894,aorc,20,13,00,
1895,ubdx,20,14,00,
1895,ubdxv,20,14,00,
1896,pv,20,14,00,
1896,ubdxv,20,14,00,
1896,ugw,20,29,00,
1896,ugwa,20,29,00,
1897,scmd,20,14,00,
1897,smds,20,14,00,
1898,ubdx,20,16,00,
1898,ubdxv,20,16,00,
1899,pv,20,17,00,
1899,ubdxv,20,17,00,
1899,ugw,20,33,00,
1899,ugwa,20,33,00,
1899,uaus,20,53,00,
1899,smds,21,02,00,
1899,scmd,21,14,00,
1900,ubdx,20,17,00,
1900,ubdxv,20,17,00,
1901,uh,20,20,00,
1902,ubdx,20,21,00,
1902,ubdxv,20,21,00,
1903,ubdx,20,22,00,
1903,ubdxv,20,22,00,
1904,scmd,20,22,00,
1904,smds,20,22,00,
1904,uaus,20,35,00,
1904,ugwa,20,49,00,
1904,ugw,20,59,00,
1905,scmd,20,27,00,
1905,smds,20,27,00,
1905,ugwa,20,46,00,
1905,uaus,20,46,00,
1906,ubdx,20,28,00,
1906,ubdxv,20,28,00,
1907,ubdx,20,29,00,
1907,ubdxv,20,29,00,
1908,scmd,20,29,00,
1908,smds,20,29,00,
1908,ugw,20,47,00,
1908,ugwa,20,47,00,
1909,scmd,20,32,00,
1909,smds,20,32,00,
1909,ugwa,20,50,00,
1909,uaus,20,50,00,
1910,uh,20,32,00,
1911,ugwa,20,32,00,
1911,uaus,20,32,00,
1911,scmd,20,50,00,
1911,smds,20,50,00,
1912,scmd,20,34,00,
1912,smds,20,34,00,
1912,uaus,20,46,00,
1912,ugwa,21,02,00,
1913,uh,20,36,00,
1913,ugwa,20,59,00,
1913,uaus,20,59,00,
1913,scmd,21,17,00,
1913,smds,21,17,00,
1914,ubdx,20,36,00,
1914,ubdxv,20,36,00,
1914,ugw,21,07,00,
1914,ugwa,21,07,00,
1915,scmd,20,37,00,
1915,smds,20,37,00,
1915,ugwa,20,56,00,
1915,uaus,20,56,00,
1916,ubdx,20,37,00,
1916,ubdxv,20,37,00,
1917,uh,20,38,00,
1918,uaus,20,40,00,
1918,smds,20,40,00,
1918,scmd,20,51,00,
1919,ubdx,20,42,00,
1919,ubdxv,20,42,00,
1919,pv,20,51,00,
1920,ubdx,20,44,00,
1920,ubdxv,20,44,00,
1920,ugw,21,16,00,
1920,ugwa,21,16,00,
1921,ubdx,20,44,00,
1921,ubdxv,20,44,00,
1922,pv,20,44,00,
1922,ubdxv,20,44,00,
1922,ugw,20,52,00,
1922,ugwa,20,52,00,
1923,ubdx,20,46,00,
1923,ubdxv,20,46,00,
1924,pv,20,46,00,
1924,ubdxv,20,46,00,
1924,ubdx,20,55,00,
1925,ubdx,20,49,00,
1925,ubdxv,20,49,00,
1926,scmd,20,51,00,
1926,smds,20,51,00,
1926,ugw,21,05,00,
1926,ugwa,21,05,00,
1927,scmd,20,52,00,
1927,smds,20,52,00,
1927,ugwa,21,11,00,
1927,uaus,21,11,00,
1928,uh,20,52,00,
1929,scmd,20,52,00,
1929,smds,20,52,00,
1929,ugwa,21,10,00,
1929,uaus,21,10,00,
1930,ubdx,20,54,00,
1930,ubdxv,20,54,00,
1931,scmd,20,54,00,
1931,smds,20,54,00,
1931,ugwa,21,15,00,
1931,uaus,21,15,00,
1932,pv,20,58,00,
1932,ubdxv,20,58,00,
1933,uh,20,58,00,
1934,ubdxv,21,00,00,
1935,scmd,21,02,00,
1935,smds,21,02,00,
1936,ubdxv,21,05,00,
1936,ugw,21,21,00,
1936,ugwa,21,21,00,
1936,uaus,21,43,00,
1936,smds,21,53,00,
1936,scmd,22,06,00,
1937,ubdxv,21,07,00,
1938,scmd,21,07,00,
1938,smds,21,07,00,
1939,ubdxv,21,07,00,
1940,ubdxv,21,08,00,
1940,ugw,21,22,00,
1940,ugwa,21,22,00,
1940,scmd,21,42,00,
1940,smds,21,42,00,
1941,scmd,21,10,00,
1941,smds,21,10,00,
1941,ugwa,21,27,00,
1941,uaus,21,27,00,
1942,ubdxv,21,11,00,
1943,ubdxv,21,12,00,
1944,ubdxv,21,13,00,
1945,scmd,21,16,00,
1945,smds,21,16,00,
1945,uaus,21,30,00,
1946,scmd,21,16,00,
1946,smds,21,16,00,
1946,uaus,21,29,00,
1946,ugwa,21,43,00,
1947,ubdxv,21,17,00,
1948,ubdxv,21,19,00,
1949,ubdxv,21,20,00,
1950,ubdxv,21,21,00,
1950,ugw,21,25,00,
1950,ugwa,21,25,00,
1950,scmd,21,34,00,
1950,smds,21,34,00,
1951,scmd,21,21,00,
1951,smds,21,21,00,
1951,ugwa,21,39,00,
1951,uaus,21,39,00,
1952,ubdxv,21,26,00,
1952,ugw,21,46,00,
1952,ugwa,21,46,00,
1953,ubdxv,21,26,00,
1954,scmd,21,27,00,
1954,smds,21,27,00,
1954,uaus,21,42,00,
1954,ugwa,21,58,00,
1954,ugw,22,08,00,
1955,ubdxv,21,27,00,
1956,ubdxv,21,30,00,
1957,ugw,21,34,00,
1957,ugwa,21,34,00,
1958,ugw,21,44,00,
1958,ugwa,21,44,00,
1959,ubdxv,21,44,00,
1960,scmd,21,44,00,
1960,smds,21,44,00,
1960,ugw,22,02,00,
1960,ugwa,22,02,00,
1961,ugw,21,45,00,
1961,ugwa,21,45,00,
1962,scmd,21,49,00,
1962,smds,21,49,00,
1963,ubdxv,21,54,00,
1963,ugw,22,10,00,
1963,ugwa,22,10,00,
1963,smds,22,43,00,
1963,scmd,22,56,00,
1964,ubdxv,21,57,00,
1965,scmd,22,03,00,
1965,smds,22,03,00,
1966,scmd,22,05,00,
1966,smds,22,05,00,
1966,uaus,22,18,00,
1966,ugwa,22,33,00,
1967,scmd,22,07,00,
1967,smds,22,07,00,
1967,uaus,22,22,00,
1967,ugwa,22,38,00,
1968,scmd,22,07,00,
1968,smds,22,07,00,
1968,ugw,22,21,00,
1968,ugwa,22,21,00,
1968,uaus,22,24,00,
1969,scmd,22,07,00,
1969,smds,22,07,00,
1969,ugw,22,21,00,
1969,ugwa,22,21,00,
1970,ugwa,22,30,00,
1970,scmd,22,46,00,
1970,smds,22,46,00,
1971,ugwa,22,33,00,
1971,scmd,22,51,00,
1971,smds,22,51,00,
1972,ugwa,22,35,00,
1973,scmd,22,43,00,
1973,smds,22,43,00,
1974,ugwa,22,44,00,
1974,smds,22,58,00,
1974,scmd,23,12,00,
1975,ugwa,22,51,00,
1976,scmd,22,54,00,
1976,smds,22,54,00,
1977,ugwa,23,01,00,
1978,ugwa,23,08,00,
1979,scmd,23,13,00,
1979,smds,23,13,00,
1979,ugwa,23,43,00,
1980,ugwa,23,19,00,
1980,smds,23,51,00,
1981,ugwa,23,26,00,
1981,smds,23,52,00,
1982,ugwa,23,28,00,
1982,smds,23,45,00,
1983,ugwa,23,37,00,
1984,smds,23,38,00,
1985,ugwa,23,39,00,
1986,smds,23,39,00,
1986,ugwa,23,56,00,
1987,ugwa,23,48,00,
1988,ugwa,23,51,00,
1989,smds,23,55,00,
1990,ugwa,23,57,00,
1991,ugwa,23,57,00
